Construction,Borough,Age,Furnace,Shade,Occupancy,Distribution,BigWindows,HighCeiling,BaseEUI,AdjS,AdjB,AdjC,AdjSh,AdjD,AdjWC,AdjEUI
Stone,Brooklyn,127,oil,N,H,S,Y,Y,187,0.7,1,1,1,1.2,1.21,190.1
Stone,Brooklyn,123,oil,Y,L,HA,N,Y,183,1.3,1,1,0.9,1,1.1,235.2
Stone,NYC,144,oil,N,H,HW,Y,Y,203,0.7,1,1,1,1.1,1.21,189.1
Stone,Brooklyn,151,oil,N,M,HW,N,N,209,0.9,1,1,1,1.1,1,207
Stone,Queens,81,oil,N,H,HW,N,N,144,0.7,1,1,1,1.1,1,111
Stone,Queens,35,oil,Y,L,S,Y,N,102,1.3,1,1,0.9,1.2,1.1,158
Stone,NYC,179,oil,Y,L,HA,N,N,234,1.3,1,1,0.9,1,1,274
Stone,Bronx,7,oil,Y,L,S,N,Y,76,1.3,1,1,0.9,1.2,1.1,118
Stone,NYC,113,oil,Y,L,S,Y,Y,174,1.3,1,1,0.9,1.2,1.21,295
Stone,Brooklyn,36,oil,Y,L,HA,Y,Y,103,1.3,1,1,0.9,1,1.21,146
Stone,Brooklyn,137,oil,N,H,HW,Y,N,196,0.7,1,1,1,1.1,1.1,166
Stone,Bronx,89,gas,Y,L,HA,N,Y,46,1.3,1,1,0.9,1,1.1,59
Stone,Brooklyn,45,oil,N,L,S,N,N,111,1.3,1,1,1,1.2,1,173
Stone,Bronx,137,oil,N,M,HA,Y,N,196,0.9,1,1,1,1,1.1,194
Stone,Bronx,53,oil,Y,M,S,Y,N,119,0.9,1,1,0.9,1.2,1.1,127
Stone,Staten Island,114,gas,N,L,HA,Y,Y,57,1.3,1,1,1,1,1.21,90
Stone,NYC,93,oil,N,H,HA,N,Y,155,0.7,1,1,1,1,1.1,119
Stone,Bronx,137,gas,Y,L,HW,Y,N,68,1.3,1,1,0.9,1.1,1.1,96
Stone,Brooklyn,213,oil,Y,M,HW,Y,Y,266,0.9,1,1,0.9,1.1,1.21,287
Stone,NYC,158,oil,Y,M,HW,Y,Y,215,0.9,1,1,0.9,1.1,1.21,232
Stone,Brooklyn,136,oil,Y,L,S,N,Y,195,1.3,1,1,0.9,1.2,1.1,301
Stone,Bronx,139,oil,Y,L,S,Y,Y,198,1.3,1,1,0.9,1.2,1.21,337
Stone,Brooklyn,83,oil,Y,L,HA,Y,Y,147,1.3,1,1,0.9,1,1.21,208
Stone,Staten Island,111,oil,N,L,HW,Y,Y,173,1.3,1,1,1,1.1,1.21,299
Stone,Bronx,110,gas,N,L,HA,Y,N,55,1.3,1,1,1,1,1.1,79
Stone,Bronx,134,gas,Y,L,HW,Y,Y,67,1.3,1,1,0.9,1.1,1.21,104
Stone,Brooklyn,146,oil,Y,M,S,N,Y,204,0.9,1,1,0.9,1.2,1.1,219
Stone,Bronx,127,gas,Y,M,S,Y,N,63,0.9,1,1,0.9,1.2,1.1,68
Stone,Brooklyn,94,oil,N,H,HA,N,N,156,0.7,1,1,1,1,1,109
Stone,Bronx,86,oil,N,L,S,Y,N,149,1.3,1,1,1,1.2,1.1,256
Stone,Queens,146,oil,N,M,HW,N,Y,204,0.9,1,1,1,1.1,1.1,222
Stone,Queens,74,oil,N,H,S,Y,Y,138,0.7,1,1,1,1.2,1.21,140
Stone,NYC,151,gas,N,M,HA,Y,Y,74,0.9,1,1,1,1,1.21,81
Stone,Bronx,204,oil,Y,L,S,Y,Y,258,1.3,1,1,0.9,1.2,1.21,438
Stone,Brooklyn,152,oil,Y,L,HA,Y,Y,210,1.3,1,1,0.9,1,1.21,298
Stone,Staten Island,58,oil,N,L,HW,Y,Y,123,1.3,1,1,1,1.1,1.21,214
Stone,Bronx,29,gas,Y,M,HW,N,N,18,0.9,1,1,0.9,1.1,1,16
Stone,Brooklyn,65,oil,Y,L,S,Y,Y,130,1.3,1,1,0.9,1.2,1.21,221
Stone,Bronx,66,oil,N,M,HW,Y,Y,130,0.9,1,1,1,1.1,1.21,156
Stone,NYC,170,gas,N,L,S,Y,Y,83,1.3,1,1,1,1.2,1.21,157
Stone,Bronx,114,oil,N,L,HA,Y,Y,175,1.3,1,1,1,1,1.21,275
Stone,NYC,227,gas,N,L,S,Y,Y,109,1.3,1,1,1,1.2,1.21,206
Stone,Queens,128,oil,Y,L,S,Y,Y,187,1.3,1,1,0.9,1.2,1.21,318
Stone,Brooklyn,131,oil,N,L,S,Y,Y,191,1.3,1,1,1,1.2,1.21,360
Stone,Brooklyn,180,gas,Y,L,HA,N,Y,88,1.3,1,1,0.9,1,1.1,113
Stone,Bronx,193,oil,N,L,S,Y,N,247,1.3,1,1,1,1.2,1.1,424
Stone,Brooklyn,23,gas,Y,M,S,Y,N,16,0.9,1,1,0.9,1.2,1.1,17
Stone,NYC,37,oil,Y,L,HW,N,Y,104,1.3,1,1,0.9,1.1,1.1,147
Stone,Bronx,138,oil,Y,L,HW,Y,Y,197,1.3,1,1,0.9,1.1,1.21,307
Stone,Queens,104,oil,Y,L,HW,Y,Y,166,1.3,1,1,0.9,1.1,1.21,258
Stone,Brooklyn,79,oil,Y,L,HA,Y,Y,143,1.3,1,1,0.9,1,1.21,202
Stone,NYC,191,oil,N,M,HA,Y,Y,245,0.9,1,1,1,1,1.21,267
Stone,NYC,157,oil,N,L,S,Y,Y,214,1.3,1,1,1,1.2,1.21,404
Stone,Queens,112,gas,Y,L,S,Y,N,56,1.3,1,1,0.9,1.2,1.1,87
Stone,Queens,119,oil,N,H,HW,Y,Y,179,0.7,1,1,1,1.1,1.21,167
Stone,Brooklyn,71,oil,Y,M,HW,N,N,136,0.9,1,1,0.9,1.1,1,121
Stone,Bronx,178,oil,N,L,HW,Y,Y,234,1.3,1,1,1,1.1,1.21,404
Stone,Brooklyn,174,gas,Y,L,S,Y,Y,85,1.3,1,1,0.9,1.2,1.21,145
Stone,Bronx,110,oil,Y,L,S,Y,Y,171,1.3,1,1,0.9,1.2,1.21,291
Stone,Queens,223,oil,Y,L,HW,Y,Y,275,1.3,1,1,0.9,1.1,1.21,428
Stone,Brooklyn,161,gas,N,H,HA,Y,N,79,0.7,1,1,1,1,1.1,61
Stone,NYC,97,oil,N,M,S,N,Y,159,0.9,1,1,1,1.2,1.1,189
Stone,Queens,58,oil,Y,L,HW,N,Y,123,1.3,1,1,0.9,1.1,1.1,175
Stone,Bronx,157,oil,Y,L,HW,Y,N,215,1.3,1,1,0.9,1.1,1.1,304
Stone,NYC,123,oil,Y,L,HA,Y,Y,183,1.3,1,1,0.9,1,1.21,260
Stone,Bronx,187,oil,N,H,HW,Y,Y,242,0.7,1,1,1,1.1,1.21,225
Stone,Queens,55,oil,Y,L,HW,N,N,120,1.3,1,1,0.9,1.1,1,155
Stone,Queens,107,oil,Y,L,HW,Y,Y,168,1.3,1,1,0.9,1.1,1.21,262
Stone,Brooklyn,113,oil,Y,M,S,Y,N,174,0.9,1,1,0.9,1.2,1.1,186
Stone,Staten Island,132,oil,N,M,HW,N,Y,191,0.9,1,1,1,1.1,1.1,208
Stone,Brooklyn,121,oil,Y,M,HW,Y,Y,181,0.9,1,1,0.9,1.1,1.21,196
Stone,Brooklyn,100,gas,N,M,HA,Y,N,51,0.9,1,1,1,1,1.1,50
Stone,Brooklyn,82,oil,Y,L,HW,Y,N,145,1.3,1,1,0.9,1.1,1.1,206
Stone,Queens,97,oil,Y,L,S,Y,N,159,1.3,1,1,0.9,1.2,1.1,245
Stone,Staten Island,127,oil,Y,L,HW,Y,Y,186,1.3,1,1,0.9,1.1,1.21,290
Stone,Bronx,127,oil,Y,L,HA,Y,Y,186,1.3,1,1,0.9,1,1.21,264
Stone,Brooklyn,157,oil,N,L,HW,Y,Y,215,1.3,1,1,1,1.1,1.21,372
Stone,Brooklyn,76,gas,N,M,S,Y,Y,40,0.9,1,1,1,1.2,1.21,52
Stone,Queens,153,oil,Y,L,HA,Y,Y,211,1.3,1,1,0.9,1,1.21,299
Stone,Staten Island,88,oil,Y,L,HW,Y,N,151,1.3,1,1,0.9,1.1,1.1,214
Stone,NYC,238,gas,Y,L,HA,N,Y,114,1.3,1,1,0.9,1,1.1,147
Stone,Bronx,39,oil,N,L,HW,Y,N,106,1.3,1,1,1,1.1,1.1,167
Stone,Brooklyn,73,oil,Y,M,HA,Y,N,137,0.9,1,1,0.9,1,1.1,122
Stone,Queens,269,gas,Y,L,HW,Y,Y,129,1.3,1,1,0.9,1.1,1.21,200
Stone,Brooklyn,243,oil,Y,L,HW,N,Y,293,1.3,1,1,0.9,1.1,1.1,415
Stone,Brooklyn,33,oil,Y,L,HW,Y,Y,100,1.3,1,1,0.9,1.1,1.21,156
Stone,Bronx,213,oil,Y,L,HW,N,Y,266,1.3,1,1,0.9,1.1,1.1,376
Stone,Brooklyn,131,gas,N,M,S,N,Y,65,0.9,1,1,1,1.2,1.1,77
Stone,Brooklyn,77,oil,Y,M,HW,Y,N,141,0.9,1,1,0.9,1.1,1.1,138
Stone,Brooklyn,98,oil,Y,L,HW,Y,Y,161,1.3,1,1,0.9,1.1,1.21,250
Stone,Bronx,149,oil,Y,L,S,N,Y,207,1.3,1,1,0.9,1.2,1.1,320
Stone,NYC,45,oil,N,L,HW,Y,N,111,1.3,1,1,1,1.1,1.1,175
Stone,Queens,78,oil,Y,L,HA,Y,N,142,1.3,1,1,0.9,1,1.1,182
Stone,NYC,114,oil,Y,L,S,Y,N,174,1.3,1,1,0.9,1.2,1.1,269
Stone,Brooklyn,104,oil,Y,L,S,Y,Y,165,1.3,1,1,0.9,1.2,1.21,281
Stone,NYC,78,gas,Y,L,HA,N,N,41,1.3,1,1,0.9,1,1,48
Stone,Brooklyn,103,oil,Y,L,S,Y,Y,165,1.3,1,1,0.9,1.2,1.21,280
Stone,Bronx,59,gas,Y,L,HA,Y,Y,32,1.3,1,1,0.9,1,1.21,46
Stone,Bronx,158,gas,Y,L,S,Y,N,78,1.3,1,1,0.9,1.2,1.1,120
Stone,Brooklyn,6,gas,Y,L,HW,N,N,8,1.3,1,1,0.9,1.1,1,10
Stone,NYC,124,gas,N,L,HW,Y,N,62,1.3,1,1,1,1.1,1.1,97
Stone,NYC,137,oil,Y,L,HW,Y,Y,196,1.3,1,1,0.9,1.1,1.21,305
Stone,Brooklyn,102,oil,Y,M,HA,N,N,164,0.9,1,1,0.9,1,1,133
Stone,Brooklyn,107,oil,Y,L,HW,Y,Y,168,1.3,1,1,0.9,1.1,1.21,262
Stone,NYC,150,gas,Y,M,S,Y,Y,74,0.9,1,1,0.9,1.2,1.21,87
Stone,Bronx,135,gas,Y,L,HA,Y,Y,67,1.3,1,1,0.9,1,1.21,95
Stone,Staten Island,54,oil,N,L,S,Y,N,120,1.3,1,1,1,1.2,1.1,206
Stone,Bronx,113,oil,N,L,S,Y,Y,174,1.3,1,1,1,1.2,1.21,329
Stone,Queens,149,gas,Y,L,HA,Y,Y,74,1.3,1,1,0.9,1,1.21,104
Stone,Brooklyn,190,oil,Y,H,HW,Y,Y,245,0.7,1,1,0.9,1.1,1.21,205
Stone,Staten Island,74,oil,N,L,S,Y,N,138,1.3,1,1,1,1.2,1.1,236
Stone,NYC,126,oil,N,L,S,Y,N,186,1.3,1,1,1,1.2,1.1,320
Stone,Queens,135,oil,Y,L,HW,Y,Y,194,1.3,1,1,0.9,1.1,1.21,302
Stone,Brooklyn,164,oil,Y,L,HA,N,N,221,1.3,1,1,0.9,1,1,258
Stone,Brooklyn,120,gas,N,H,HA,Y,Y,60,0.7,1,1,1,1,1.21,51
Stone,NYC,140,oil,Y,H,HW,N,Y,199,0.7,1,1,0.9,1.1,1.1,152
Stone,Queens,136,oil,Y,M,S,N,Y,196,0.9,1,1,0.9,1.2,1.1,209
Stone,Staten Island,118,oil,N,L,HW,N,N,179,1.3,1,1,1,1.1,1,255
Stone,NYC,163,gas,Y,L,S,Y,N,80,1.3,1,1,0.9,1.2,1.1,124
Stone,NYC,105,oil,N,M,HW,Y,Y,166,0.9,1,1,1,1.1,1.21,199
Stone,Bronx,45,oil,N,L,HA,N,N,111,1.3,1,1,1,1,1,145
Stone,Brooklyn,110,oil,Y,L,HA,N,Y,171,1.3,1,1,0.9,1,1.1,220
Stone,Staten Island,177,gas,N,L,HA,Y,Y,86,1.3,1,1,1,1,1.21,136
Stone,Brooklyn,176,gas,Y,L,HA,Y,Y,86,1.3,1,1,0.9,1,1.21,121
Stone,NYC,142,gas,Y,M,HA,N,Y,70,0.9,1,1,0.9,1,1.1,62
Stone,Queens,150,oil,N,L,S,Y,N,208,1.3,1,1,1,1.2,1.1,357
Stone,NYC,180,oil,Y,L,HW,N,Y,236,1.3,1,1,0.9,1.1,1.1,334
Stone,NYC,88,oil,Y,H,HW,Y,N,151,0.7,1,1,0.9,1.1,1.1,115
Stone,NYC,152,gas,Y,L,S,Y,Y,75,1.3,1,1,0.9,1.2,1.21,127
Stone,Bronx,173,oil,N,H,S,N,Y,229,0.7,1,1,1,1.2,1.1,212
Stone,Brooklyn,138,oil,N,M,S,Y,N,197,0.9,1,1,1,1.2,1.1,234
Stone,Staten Island,61,oil,Y,H,HW,Y,N,126,0.7,1,1,0.9,1.1,1.1,96
Stone,Brooklyn,102,oil,Y,L,HW,Y,Y,163,1.3,1,1,0.9,1.1,1.21,254
Stone,Queens,195,oil,N,M,HA,Y,Y,249,0.9,1,1,1,1,1.21,272
Stone,NYC,149,oil,N,L,HW,Y,Y,207,1.3,1,1,1,1.1,1.21,359
Stone,Bronx,190,gas,N,L,S,Y,Y,93,1.3,1,1,1,1.2,1.21,175
Stone,Staten Island,59,oil,Y,M,S,N,N,124,0.9,1,1,0.9,1.2,1,121
Stone,Bronx,99,oil,Y,H,S,N,N,162,0.7,1,1,0.9,1.2,1,122
Stone,NYC,133,oil,Y,M,HW,Y,N,192,0.9,1,1,0.9,1.1,1.1,188
Stone,Brooklyn,188,gas,Y,L,HW,Y,N,91,1.3,1,1,0.9,1.1,1.1,129
Stone,Brooklyn,141,gas,Y,L,HA,Y,Y,70,1.3,1,1,0.9,1,1.21,99
Stone,Brooklyn,62,gas,N,L,HA,Y,N,34,1.3,1,1,1,1,1.1,48
Stone,Bronx,151,oil,N,M,HW,N,Y,209,0.9,1,1,1,1.1,1.1,227
Stone,Bronx,29,oil,Y,L,HA,N,N,97,1.3,1,1,0.9,1,1,113
Stone,Brooklyn,74,oil,N,L,S,Y,N,138,1.3,1,1,1,1.2,1.1,236
Stone,Bronx,119,oil,N,L,S,N,Y,179,1.3,1,1,1,1.2,1.1,308
Stone,Queens,165,oil,Y,H,HA,N,N,221,0.7,1,1,0.9,1,1,139
Stone,NYC,111,oil,N,L,HA,N,Y,172,1.3,1,1,1,1,1.1,246
Stone,Brooklyn,37,oil,N,L,S,Y,N,104,1.3,1,1,1,1.2,1.1,178
Stone,Brooklyn,78,oil,Y,H,HW,Y,Y,142,0.7,1,1,0.9,1.1,1.21,119
Stone,Staten Island,154,gas,Y,L,HA,Y,Y,76,1.3,1,1,0.9,1,1.21,108
Stone,NYC,59,gas,Y,L,HA,Y,N,32,1.3,1,1,0.9,1,1.1,41
Stone,Bronx,189,oil,N,M,HW,Y,Y,244,0.9,1,1,1,1.1,1.21,292
Stone,Bronx,157,gas,Y,H,HA,Y,Y,77,0.7,1,1,0.9,1,1.21,59
Stone,Brooklyn,103,oil,N,H,S,Y,Y,165,0.7,1,1,1,1.2,1.21,168
Stone,Bronx,117,oil,Y,M,S,Y,Y,178,0.9,1,1,0.9,1.2,1.21,209
Stone,NYC,57,gas,Y,L,HA,Y,N,31,1.3,1,1,0.9,1,1.1,40
Stone,Bronx,217,gas,Y,L,HW,Y,N,105,1.3,1,1,0.9,1.1,1.1,148
Stone,NYC,118,oil,N,L,S,N,Y,179,1.3,1,1,1,1.2,1.1,307
Stone,NYC,131,oil,Y,L,HA,Y,Y,191,1.3,1,1,0.9,1,1.21,270
Stone,Brooklyn,125,oil,Y,L,S,Y,Y,185,1.3,1,1,0.9,1.2,1.21,315
Stone,NYC,76,oil,Y,L,HW,N,Y,140,1.3,1,1,0.9,1.1,1.1,198
Stone,Brooklyn,123,oil,N,L,HA,Y,N,183,1.3,1,1,1,1,1.1,261
Stone,NYC,188,oil,Y,L,HA,Y,Y,243,1.3,1,1,0.9,1,1.21,345
Stone,Bronx,178,oil,N,M,HA,N,Y,234,0.9,1,1,1,1,1.1,232
Stone,Staten Island,162,oil,Y,H,S,Y,Y,219,0.7,1,1,0.9,1.2,1.21,200
Stone,Staten Island,40,oil,Y,M,HW,Y,N,107,0.9,1,1,0.9,1.1,1.1,105
Stone,Brooklyn,105,oil,Y,L,S,Y,Y,166,1.3,1,1,0.9,1.2,1.21,283
Stone,Bronx,114,oil,N,L,HW,Y,Y,175,1.3,1,1,1,1.1,1.21,303
Stone,Brooklyn,194,oil,N,H,HA,N,Y,248,0.7,1,1,1,1,1.1,191
Stone,Queens,225,oil,N,L,HW,Y,N,277,1.3,1,1,1,1.1,1.1,436
Stone,Bronx,146,oil,Y,M,S,N,Y,205,0.9,1,1,0.9,1.2,1.1,219
Stone,Brooklyn,52,oil,Y,L,HW,Y,Y,118,1.3,1,1,0.9,1.1,1.21,184
Stone,Brooklyn,186,gas,N,M,S,Y,N,90,0.9,1,1,1,1.2,1.1,107
Stone,Bronx,29,gas,N,L,HA,N,N,18,1.3,1,1,1,1,1,24
Stone,NYC,122,oil,N,L,S,Y,Y,182,1.3,1,1,1,1.2,1.21,344
Stone,NYC,177,gas,Y,L,S,Y,Y,86,1.3,1,1,0.9,1.2,1.21,147
Stone,Queens,200,gas,Y,M,HA,Y,N,97,0.9,1,1,0.9,1,1.1,86
Stone,Bronx,127,gas,Y,L,HW,Y,Y,63,1.3,1,1,0.9,1.1,1.21,99
Stone,NYC,163,oil,Y,L,HA,Y,Y,220,1.3,1,1,0.9,1,1.21,312
Stone,NYC,127,oil,Y,L,HW,Y,N,186,1.3,1,1,0.9,1.1,1.1,264
Stone,NYC,39,gas,Y,M,HA,N,Y,23,0.9,1,1,0.9,1,1.1,21
Stone,NYC,146,oil,Y,L,HW,Y,Y,204,1.3,1,1,0.9,1.1,1.21,318
Stone,NYC,130,oil,Y,L,S,N,Y,190,1.3,1,1,0.9,1.2,1.1,293
Stone,Brooklyn,122,oil,Y,M,S,N,Y,182,0.9,1,1,0.9,1.2,1.1,194
Stone,Brooklyn,169,gas,N,L,HA,Y,Y,83,1.3,1,1,1,1,1.21,130
Stone,Staten Island,105,oil,Y,M,S,N,Y,166,0.9,1,1,0.9,1.2,1.1,178
Stone,NYC,112,oil,N,M,S,Y,N,173,0.9,1,1,1,1.2,1.1,206
Stone,Bronx,177,oil,Y,M,HA,Y,Y,233,0.9,1,1,0.9,1,1.21,228
Stone,Bronx,130,oil,N,H,HW,Y,Y,189,0.7,1,1,1,1.1,1.21,176
Stone,NYC,74,oil,Y,L,HW,Y,N,138,1.3,1,1,0.9,1.1,1.1,195
Stone,Brooklyn,1,gas,Y,M,HW,N,Y,6,0.9,1,1,0.9,1.1,1.1,6
Stone,Queens,63,oil,N,L,S,Y,Y,128,1.3,1,1,1,1.2,1.21,242
Stone,Bronx,46,oil,Y,M,HW,Y,N,113,0.9,1,1,0.9,1.1,1.1,110
Stone,Bronx,177,oil,N,L,S,N,Y,233,1.3,1,1,1,1.2,1.1,399
Stone,Bronx,16,gas,Y,L,S,Y,N,12,1.3,1,1,0.9,1.2,1.1,19
Stone,Bronx,185,oil,Y,L,S,Y,Y,240,1.3,1,1,0.9,1.2,1.21,408
Stone,Brooklyn,180,gas,Y,L,HW,Y,Y,88,1.3,1,1,0.9,1.1,1.21,137
Stone,Brooklyn,125,gas,Y,H,HA,N,Y,63,0.7,1,1,0.9,1,1.1,43
Stone,NYC,63,oil,Y,M,S,N,N,128,0.9,1,1,0.9,1.2,1,125
Stone,Brooklyn,123,oil,Y,L,HW,Y,Y,183,1.3,1,1,0.9,1.1,1.21,285
Stone,Queens,53,oil,N,H,HW,N,N,119,0.7,1,1,1,1.1,1,91
Stone,NYC,102,oil,Y,H,S,Y,N,164,0.7,1,1,0.9,1.2,1.1,136
Stone,Brooklyn,108,gas,Y,L,HA,Y,Y,55,1.3,1,1,0.9,1,1.21,77
Stone,Bronx,101,oil,Y,L,HA,N,N,163,1.3,1,1,0.9,1,1,190
Stone,NYC,127,oil,N,L,HW,Y,Y,187,1.3,1,1,1,1.1,1.21,324
Stone,NYC,97,oil,Y,H,HA,Y,N,160,0.7,1,1,0.9,1,1.1,111
Stone,Brooklyn,134,oil,Y,H,HW,Y,N,193,0.7,1,1,0.9,1.1,1.1,147
Stone,NYC,93,oil,N,L,S,Y,N,155,1.3,1,1,1,1.2,1.1,267
Stone,Brooklyn,126,oil,Y,H,HA,Y,Y,186,0.7,1,1,0.9,1,1.21,142
Stone,Queens,185,oil,N,L,HA,Y,Y,240,1.3,1,1,1,1,1.21,378
Stone,Brooklyn,176,oil,Y,M,HW,Y,Y,232,0.9,1,1,0.9,1.1,1.21,250
Stone,Bronx,69,gas,Y,L,HW,Y,Y,37,1.3,1,1,0.9,1.1,1.21,57
Stone,Bronx,70,oil,N,H,S,Y,N,135,0.7,1,1,1,1.2,1.1,124
Stone,NYC,78,oil,N,L,HW,Y,Y,142,1.3,1,1,1,1.1,1.21,245
Stone,Bronx,123,oil,Y,L,HW,Y,Y,183,1.3,1,1,0.9,1.1,1.21,285
Stone,Bronx,82,gas,Y,M,HA,Y,N,43,0.9,1,1,0.9,1,1.1,38
Stone,Queens,93,gas,N,M,HW,Y,N,48,0.9,1,1,1,1.1,1.1,52
Stone,Queens,72,gas,N,L,HW,Y,N,38,1.3,1,1,1,1.1,1.1,60
Stone,NYC,72,oil,Y,M,HA,Y,Y,136,0.9,1,1,0.9,1,1.21,133
Stone,Queens,160,gas,N,L,HA,Y,Y,79,1.3,1,1,1,1,1.21,124
Stone,Brooklyn,179,oil,N,L,HA,Y,N,235,1.3,1,1,1,1,1.1,336
Stone,Staten Island,56,oil,Y,L,HA,N,N,121,1.3,1,1,0.9,1,1,142
Stone,Brooklyn,87,oil,Y,L,S,Y,N,150,1.3,1,1,0.9,1.2,1.1,232
Stone,Brooklyn,115,oil,Y,M,HW,N,Y,176,0.9,1,1,0.9,1.1,1.1,172
Stone,NYC,172,oil,N,M,HW,Y,Y,228,0.9,1,1,1,1.1,1.21,274
Stone,Queens,63,gas,N,L,HA,Y,N,34,1.3,1,1,1,1,1.1,49
Stone,Queens,43,oil,N,H,HA,N,Y,110,0.7,1,1,1,1,1.1,84
Stone,Staten Island,241,oil,N,M,HW,Y,Y,292,0.9,1,1,1,1.1,1.21,350
Stone,Queens,94,oil,N,L,S,N,N,156,1.3,1,1,1,1.2,1,244
Stone,NYC,149,oil,Y,L,HW,N,Y,207,1.3,1,1,0.9,1.1,1.1,293
Stone,NYC,135,oil,Y,M,HW,N,Y,194,0.9,1,1,0.9,1.1,1.1,190
Stone,NYC,109,oil,Y,M,HW,Y,Y,170,0.9,1,1,0.9,1.1,1.21,183
Stone,Brooklyn,166,oil,Y,H,HA,Y,Y,223,0.7,1,1,0.9,1,1.21,170
Stone,Queens,39,oil,N,L,HW,N,N,106,1.3,1,1,1,1.1,1,152
Stone,Bronx,88,oil,Y,L,HW,Y,N,151,1.3,1,1,0.9,1.1,1.1,213
Stone,NYC,78,oil,N,L,S,Y,N,141,1.3,1,1,1,1.2,1.1,243
Stone,NYC,112,gas,Y,L,HA,Y,Y,56,1.3,1,1,0.9,1,1.21,80
Stone,NYC,246,gas,Y,M,HA,Y,N,118,0.9,1,1,0.9,1,1.1,105
Stone,Brooklyn,156,oil,Y,M,HA,Y,Y,213,0.9,1,1,0.9,1,1.21,209
Stone,Staten Island,43,oil,N,H,HW,Y,Y,110,0.7,1,1,1,1.1,1.21,102
Stone,Staten Island,168,gas,N,L,S,Y,Y,82,1.3,1,1,1,1.2,1.21,156
Stone,Queens,62,oil,N,L,S,Y,N,127,1.3,1,1,1,1.2,1.1,218
Stone,Bronx,155,oil,N,L,HW,Y,N,212,1.3,1,1,1,1.1,1.1,334
Stone,NYC,163,gas,Y,L,HW,Y,Y,80,1.3,1,1,0.9,1.1,1.21,124
Stone,NYC,135,oil,N,L,HW,Y,Y,195,1.3,1,1,1,1.1,1.21,337
Stone,Bronx,201,gas,N,L,HA,Y,Y,97,1.3,1,1,1,1,1.21,153
Stone,NYC,134,oil,Y,M,S,Y,Y,193,0.9,1,1,0.9,1.2,1.21,227
Stone,NYC,146,oil,N,L,HW,Y,Y,204,1.3,1,1,1,1.1,1.21,353
Stone,Staten Island,128,gas,Y,L,HA,Y,Y,64,1.3,1,1,0.9,1,1.21,91
Stone,NYC,143,oil,Y,L,S,N,N,202,1.3,1,1,0.9,1.2,1,283
Stone,Brooklyn,84,oil,Y,L,S,Y,N,147,1.3,1,1,0.9,1.2,1.1,227
Stone,Brooklyn,135,gas,Y,M,HA,Y,N,67,0.9,1,1,0.9,1,1.1,60
Stone,Staten Island,215,oil,Y,H,S,Y,Y,268,0.7,1,1,0.9,1.2,1.21,245
Stone,Brooklyn,117,oil,Y,M,HW,N,Y,177,0.9,1,1,0.9,1.1,1.1,174
Stone,Queens,178,oil,N,L,HW,Y,Y,234,1.3,1,1,1,1.1,1.21,404
Stone,Staten Island,155,oil,N,L,HW,Y,Y,213,1.3,1,1,1,1.1,1.21,368
Stone,Brooklyn,32,oil,N,L,S,Y,N,100,1.3,1,1,1,1.2,1.1,171
Stone,Staten Island,1,gas,N,L,S,Y,Y,5,1.3,1,1,1,1.2,1.21,10
Stone,NYC,128,gas,Y,H,HW,Y,Y,64,0.7,1,1,0.9,1.1,1.21,54
Stone,Brooklyn,106,oil,Y,H,HW,Y,Y,168,0.7,1,1,0.9,1.1,1.21,141
Stone,Bronx,121,oil,N,M,HW,N,Y,182,0.9,1,1,1,1.1,1.1,198
Stone,Brooklyn,109,gas,N,M,HA,Y,N,55,0.9,1,1,1,1,1.1,55
Stone,Brooklyn,144,oil,Y,L,HW,Y,Y,203,1.3,1,1,0.9,1.1,1.21,316
Stone,Brooklyn,104,oil,Y,L,HW,Y,N,166,1.3,1,1,0.9,1.1,1.1,235
Stone,Brooklyn,29,gas,N,L,HW,N,Y,19,1.3,1,1,1,1.1,1.1,29
Stone,Queens,218,oil,Y,M,HW,Y,Y,270,0.9,1,1,0.9,1.1,1.21,291
Stone,Brooklyn,87,oil,Y,L,S,N,N,150,1.3,1,1,0.9,1.2,1,211
Stone,Bronx,61,oil,Y,M,S,Y,N,126,0.9,1,1,0.9,1.2,1.1,135
Stone,Staten Island,70,oil,N,M,HW,Y,N,134,0.9,1,1,1,1.1,1.1,146
Stone,Bronx,169,oil,N,H,HA,Y,Y,226,0.7,1,1,1,1,1.21,191
Stone,NYC,125,oil,N,H,HW,Y,Y,185,0.7,1,1,1,1.1,1.21,173
Stone,NYC,185,oil,N,L,HW,Y,N,240,1.3,1,1,1,1.1,1.1,377
Stone,Brooklyn,118,oil,N,M,S,Y,N,179,0.9,1,1,1,1.2,1.1,212
Stone,Bronx,103,oil,N,L,HA,Y,Y,165,1.3,1,1,1,1,1.21,260
Stone,Queens,211,gas,Y,M,HA,Y,Y,102,0.9,1,1,0.9,1,1.21,100
Stone,Brooklyn,137,oil,Y,L,S,N,Y,196,1.3,1,1,0.9,1.2,1.1,302
Stone,Bronx,134,oil,N,M,HW,Y,N,193,0.9,1,1,1,1.1,1.1,210
Stone,NYC,72,oil,N,L,S,Y,N,136,1.3,1,1,1,1.2,1.1,233
Stone,Bronx,146,oil,N,L,HW,Y,Y,204,1.3,1,1,1,1.1,1.21,353
Stone,Queens,140,oil,Y,L,HW,Y,Y,199,1.3,1,1,0.9,1.1,1.21,310
Stone,Queens,183,oil,N,L,HW,Y,Y,238,1.3,1,1,1,1.1,1.21,412
Stone,NYC,93,oil,Y,H,HW,N,N,156,0.7,1,1,0.9,1.1,1,108
Stone,Bronx,135,oil,Y,L,S,Y,Y,194,1.3,1,1,0.9,1.2,1.21,329
Stone,Brooklyn,44,oil,Y,L,S,Y,N,111,1.3,1,1,0.9,1.2,1.1,171
Stone,NYC,119,gas,N,H,HW,Y,Y,60,0.7,1,1,1,1.1,1.21,56
Stone,Brooklyn,106,oil,N,L,S,Y,Y,167,1.3,1,1,1,1.2,1.21,316
Stone,Bronx,110,oil,N,M,HW,Y,Y,171,0.9,1,1,1,1.1,1.21,205
Stone,NYC,42,oil,Y,L,HA,Y,N,109,1.3,1,1,0.9,1,1.1,140
Stone,NYC,71,oil,Y,L,HW,Y,N,135,1.3,1,1,0.9,1.1,1.1,192
Stone,NYC,100,oil,Y,L,HW,Y,Y,162,1.3,1,1,0.9,1.1,1.21,252
Stone,Brooklyn,63,oil,Y,L,HW,Y,N,128,1.3,1,1,0.9,1.1,1.1,181
Stone,Bronx,71,oil,N,L,S,Y,Y,135,1.3,1,1,1,1.2,1.21,256
Stone,Queens,124,oil,Y,L,HA,N,Y,184,1.3,1,1,0.9,1,1.1,237
Stone,Bronx,68,gas,Y,H,HA,N,N,36,0.7,1,1,0.9,1,1,23
Stone,Staten Island,140,gas,Y,L,HA,Y,Y,69,1.3,1,1,0.9,1,1.21,98
Stone,Queens,120,gas,N,L,S,Y,N,60,1.3,1,1,1,1.2,1.1,103
Stone,Queens,163,gas,Y,L,HA,Y,Y,80,1.3,1,1,0.9,1,1.21,113
Stone,Bronx,153,oil,N,H,S,N,N,211,0.7,1,1,1,1.2,1,177
Stone,Brooklyn,45,oil,Y,M,HW,N,N,111,0.9,1,1,0.9,1.1,1,99
Brick,Brooklyn,110,oil,Y,H,S,Y,Y,172,1,1.3,1,0.9,1.2,1.21,292
Brick,Brooklyn,60,gas,Y,L,HW,N,N,33,1,0.9,1,0.9,1.1,1,29
Brick,Queens,57,gas,Y,M,HA,Y,N,31,1,1.1,1,0.9,1,1.1,34
Brick,Brooklyn,43,gas,Y,L,HA,N,N,25,1,0.9,1,0.9,1,1,20
Brick,Queens,66,gas,Y,L,HA,Y,N,35,1,0.9,1,0.9,1,1.1,31
Brick,Staten Island,67,gas,N,L,HA,Y,N,36,1,0.9,1,1,1,1.1,35
Brick,NYC,50,gas,Y,L,HA,N,Y,28,1,0.9,1,0.9,1,1.1,25
Brick,Queens,42,oil,N,L,HW,Y,N,108,1,0.9,1,1,1.1,1.1,118
Brick,Brooklyn,21,gas,Y,H,S,Y,N,15,1,1.3,1,0.9,1.2,1.1,23
Brick,Brooklyn,95,oil,N,L,HA,Y,N,157,1,0.9,1,1,1,1.1,155
Brick,NYC,108,gas,N,L,HA,Y,Y,55,1,0.9,1,1,1,1.21,60
Brick,Bronx,40,oil,Y,L,HW,N,Y,107,1,0.9,1,0.9,1.1,1.1,105
Brick,Staten Island,18,gas,Y,L,HA,N,Y,13,1,0.9,1,0.9,1,1.1,12
Brick,NYC,97,gas,Y,H,HA,Y,N,50,1,1.3,1,0.9,1,1.1,64
Brick,Queens,62,oil,Y,M,S,N,N,127,1,1.1,1,0.9,1.2,1,151
Brick,Bronx,20,gas,N,H,S,N,Y,14,1,1.3,1,1,1.2,1.1,24
Brick,NYC,67,gas,N,H,S,N,N,36,1,1.3,1,1,1.2,1,56
Brick,Brooklyn,47,gas,Y,L,HA,Y,N,27,1,0.9,1,0.9,1,1.1,24
Brick,Bronx,78,gas,Y,L,HA,Y,N,41,1,0.9,1,0.9,1,1.1,36
Brick,Bronx,89,oil,Y,M,S,N,N,152,1,1.1,1,0.9,1.2,1,181
Brick,NYC,55,gas,Y,L,HA,N,N,30,1,0.9,1,0.9,1,1,24
Brick,NYC,69,gas,Y,L,HW,Y,Y,37,1,0.9,1,0.9,1.1,1.21,40
Brick,NYC,20,oil,Y,L,HA,N,N,89,1,0.9,1,0.9,1,1,72
Brick,Brooklyn,51,oil,N,L,HW,N,Y,117,1,0.9,1,1,1.1,1.1,127
Brick,Queens,67,gas,Y,L,S,Y,N,36,1,0.9,1,0.9,1.2,1.1,38
Brick,Bronx,19,gas,Y,L,HA,N,N,14,1,0.9,1,0.9,1,1,11
Brick,Brooklyn,96,oil,Y,L,S,Y,N,158,1,0.9,1,0.9,1.2,1.1,169
Brick,Staten Island,73,oil,N,L,HA,Y,Y,137,1,0.9,1,1,1,1.21,150
Brick,Brooklyn,88,oil,Y,L,S,Y,Y,151,1,0.9,1,0.9,1.2,1.21,177
Brick,Bronx,62,oil,N,M,HA,Y,N,127,1,1.1,1,1,1,1.1,153
Brick,Bronx,71,oil,N,H,HW,N,N,135,1,1.3,1,1,1.1,1,193
Brick,NYC,85,oil,Y,L,HW,Y,Y,148,1,0.9,1,0.9,1.1,1.21,159
Brick,Brooklyn,68,oil,N,H,S,Y,Y,132,1,1.3,1,1,1.2,1.21,250
Brick,Brooklyn,82,oil,Y,L,HW,Y,Y,146,1,0.9,1,0.9,1.1,1.21,157
Brick,Brooklyn,67,oil,Y,L,S,Y,Y,131,1,0.9,1,0.9,1.2,1.21,154
Brick,Brooklyn,14,oil,Y,M,S,N,Y,83,1,1.1,1,0.9,1.2,1.1,108
Brick,Brooklyn,106,oil,Y,L,S,Y,Y,168,1,0.9,1,0.9,1.2,1.21,197
Brick,Queens,89,gas,N,M,S,Y,Y,46,1,1.1,1,1,1.2,1.21,73
Brick,Brooklyn,81,oil,Y,L,S,N,N,145,1,0.9,1,0.9,1.2,1,141
Brick,Brooklyn,69,oil,N,L,S,Y,N,133,1,0.9,1,1,1.2,1.1,158
Brick,NYC,51,gas,N,M,HA,N,Y,29,1,1.1,1,1,1,1.1,35
Brick,Bronx,108,oil,N,L,HW,Y,Y,170,1,0.9,1,1,1.1,1.21,203
Brick,Brooklyn,87,oil,N,M,S,Y,Y,150,1,1.1,1,1,1.2,1.21,240
Brick,Brooklyn,100,gas,Y,M,HA,Y,N,51,1,1.1,1,0.9,1,1.1,55
Brick,Brooklyn,69,oil,Y,L,S,N,N,133,1,0.9,1,0.9,1.2,1,129
Brick,NYC,87,oil,Y,L,S,Y,Y,150,1,0.9,1,0.9,1.2,1.21,176
Brick,Bronx,125,oil,N,H,S,Y,Y,185,1,1.3,1,1,1.2,1.21,349
Brick,Queens,33,oil,Y,L,HW,N,N,101,1,0.9,1,0.9,1.1,1,90
Brick,Bronx,118,oil,N,L,HA,Y,Y,179,1,0.9,1,1,1,1.21,195
Brick,NYC,63,gas,Y,L,HA,Y,N,34,1,0.9,1,0.9,1,1.1,30
Brick,Brooklyn,110,oil,Y,L,HW,N,N,171,1,0.9,1,0.9,1.1,1,153
Brick,NYC,122,gas,Y,M,HW,N,Y,61,1,1.1,1,0.9,1.1,1.1,73
Brick,Brooklyn,67,gas,Y,L,HA,Y,Y,36,1,0.9,1,0.9,1,1.21,35
Brick,Bronx,97,oil,Y,M,HW,N,N,159,1,1.1,1,0.9,1.1,1,173
Brick,Bronx,96,oil,Y,L,HW,Y,Y,159,1,0.9,1,0.9,1.1,1.21,171
Brick,Brooklyn,21,gas,Y,M,HW,Y,N,15,1,1.1,1,0.9,1.1,1.1,18
Brick,NYC,118,gas,Y,H,HA,Y,N,59,1,1.3,1,0.9,1,1.1,76
Brick,NYC,84,oil,N,M,HW,Y,Y,147,1,1.1,1,1,1.1,1.21,215
Brick,Brooklyn,46,oil,N,M,HW,N,Y,112,1,1.1,1,1,1.1,1.1,149
Brick,Brooklyn,52,oil,Y,M,S,Y,N,118,1,1.1,1,0.9,1.2,1.1,154
Brick,Brooklyn,76,oil,Y,M,HA,Y,N,140,1,1.1,1,0.9,1,1.1,152
Brick,NYC,38,oil,N,L,S,N,N,105,1,0.9,1,1,1.2,1,113
Brick,Queens,102,oil,N,M,S,Y,Y,164,1,1.1,1,1,1.2,1.21,262
Brick,Brooklyn,50,oil,Y,M,S,Y,N,116,1,1.1,1,0.9,1.2,1.1,152
Brick,Staten Island,78,oil,Y,L,S,Y,N,142,1,0.9,1,0.9,1.2,1.1,152
Brick,Queens,31,gas,N,L,HA,N,N,19,1,0.9,1,1,1,1,17
Brick,Bronx,77,oil,Y,M,S,N,N,141,1,1.1,1,0.9,1.2,1,168
Brick,Staten Island,30,oil,Y,M,HW,N,N,97,1,1.1,1,0.9,1.1,1,106
Brick,Queens,63,gas,Y,H,S,Y,Y,34,1,1.3,1,0.9,1.2,1.21,58
Brick,Bronx,94,oil,Y,M,HA,Y,Y,157,1,1.1,1,0.9,1,1.21,188
Brick,NYC,140,oil,Y,M,HA,Y,Y,199,1,1.1,1,0.9,1,1.21,238
Brick,Brooklyn,45,oil,Y,M,S,N,Y,111,1,1.1,1,0.9,1.2,1.1,146
Brick,Bronx,79,oil,Y,M,HW,Y,N,143,1,1.1,1,0.9,1.1,1.1,171
Brick,NYC,18,gas,Y,M,S,N,Y,13,1,1.1,1,0.9,1.2,1.1,18
Brick,Brooklyn,39,oil,N,L,S,Y,Y,105,1,0.9,1,1,1.2,1.21,138
Brick,NYC,60,oil,Y,L,HW,N,Y,125,1,0.9,1,0.9,1.1,1.1,123
Brick,Bronx,69,oil,Y,L,S,Y,N,133,1,0.9,1,0.9,1.2,1.1,143
Brick,Queens,86,oil,Y,L,S,Y,Y,149,1,0.9,1,0.9,1.2,1.21,175
Brick,Brooklyn,120,oil,Y,H,S,Y,N,180,1,1.3,1,0.9,1.2,1.1,278
Brick,NYC,52,oil,Y,M,HW,Y,N,117,1,1.1,1,0.9,1.1,1.1,141
Brick,Bronx,87,oil,Y,L,HW,Y,N,150,1,0.9,1,0.9,1.1,1.1,147
Brick,Brooklyn,54,oil,N,H,HW,N,Y,119,1,1.3,1,1,1.1,1.1,188
Brick,Queens,111,oil,Y,M,S,N,Y,172,1,1.1,1,0.9,1.2,1.1,225
Brick,Bronx,129,oil,N,M,S,Y,N,188,1,1.1,1,1,1.2,1.1,274
Brick,Queens,76,oil,Y,M,HW,Y,Y,140,1,1.1,1,0.9,1.1,1.21,184
Brick,Staten Island,74,oil,Y,L,HW,N,N,138,1,0.9,1,0.9,1.1,1,123
Brick,Brooklyn,113,oil,Y,L,HW,Y,Y,174,1,0.9,1,0.9,1.1,1.21,188
Brick,Bronx,55,oil,Y,L,S,Y,Y,121,1,0.9,1,0.9,1.2,1.21,142
Brick,Brooklyn,26,gas,N,L,S,N,N,17,1,0.9,1,1,1.2,1,18
Brick,Queens,98,oil,Y,M,HW,Y,Y,160,1,1.1,1,0.9,1.1,1.21,211
Brick,Bronx,38,oil,Y,L,HW,N,Y,105,1,0.9,1,0.9,1.1,1.1,103
Brick,Queens,130,gas,Y,M,HA,N,Y,65,1,1.1,1,0.9,1,1.1,70
Brick,Brooklyn,113,oil,Y,L,HW,Y,Y,174,1,0.9,1,0.9,1.1,1.21,188
Brick,Bronx,115,oil,N,H,HW,N,Y,176,1,1.3,1,1,1.1,1.1,276
Brick,Bronx,59,oil,N,M,HW,N,N,124,1,1.1,1,1,1.1,1,150
Brick,Brooklyn,34,oil,N,L,HW,N,N,101,1,0.9,1,1,1.1,1,100
Brick,Queens,77,oil,Y,H,S,N,N,141,1,1.3,1,0.9,1.2,1,198
Brick,Queens,50,oil,Y,M,HW,Y,N,116,1,1.1,1,0.9,1.1,1.1,139
Brick,Queens,39,oil,N,M,HW,N,Y,106,1,1.1,1,1,1.1,1.1,140
Brick,Queens,83,oil,Y,L,HW,N,Y,146,1,0.9,1,0.9,1.1,1.1,143
Brick,Brooklyn,112,oil,Y,L,HW,Y,N,173,1,0.9,1,0.9,1.1,1.1,169
Brick,NYC,74,oil,Y,M,HA,Y,N,138,1,1.1,1,0.9,1,1.1,151
Brick,Queens,99,oil,N,M,S,Y,N,161,1,1.1,1,1,1.2,1.1,234
Brick,NYC,79,oil,Y,L,HW,Y,N,143,1,0.9,1,0.9,1.1,1.1,140
Brick,Brooklyn,87,oil,Y,M,HW,Y,N,150,1,1.1,1,0.9,1.1,1.1,180
Brick,Bronx,55,oil,Y,M,HW,Y,N,120,1,1.1,1,0.9,1.1,1.1,144
Brick,Queens,94,oil,N,L,HW,Y,N,156,1,0.9,1,1,1.1,1.1,170
Brick,NYC,36,oil,Y,L,HW,N,N,103,1,0.9,1,0.9,1.1,1,92
Brick,Brooklyn,36,oil,N,L,S,N,N,103,1,0.9,1,1,1.2,1,111
Brick,Bronx,63,oil,N,L,S,Y,Y,128,1,0.9,1,1,1.2,1.21,167
Brick,Staten Island,97,oil,Y,L,S,Y,N,159,1,0.9,1,0.9,1.2,1.1,170
Brick,Brooklyn,112,gas,Y,H,HW,Y,Y,56,1,1.3,1,0.9,1.1,1.21,88
Brick,Bronx,71,oil,N,L,HW,Y,Y,136,1,0.9,1,1,1.1,1.21,162
Brick,Queens,68,oil,N,M,HW,Y,N,132,1,1.1,1,1,1.1,1.1,176
Brick,Queens,41,oil,Y,M,HW,Y,N,108,1,1.1,1,0.9,1.1,1.1,129
Brick,Bronx,34,oil,N,M,HW,N,Y,101,1,1.1,1,1,1.1,1.1,135
Brick,Bronx,87,oil,Y,H,HW,Y,Y,150,1,1.3,1,0.9,1.1,1.21,234
Brick,Brooklyn,65,oil,Y,L,S,N,N,130,1,0.9,1,0.9,1.2,1,126
Brick,NYC,37,oil,Y,M,S,N,N,104,1,1.1,1,0.9,1.2,1,124
Brick,Queens,80,gas,Y,L,HA,Y,N,42,1,0.9,1,0.9,1,1.1,37
Brick,Queens,73,oil,Y,H,HW,N,N,137,1,1.3,1,0.9,1.1,1,176
Brick,Queens,113,oil,Y,L,S,Y,N,174,1,0.9,1,0.9,1.2,1.1,186
Brick,Brooklyn,75,oil,Y,L,S,Y,N,139,1,0.9,1,0.9,1.2,1.1,149
Brick,Brooklyn,91,oil,Y,L,HW,Y,Y,154,1,0.9,1,0.9,1.1,1.21,166
Brick,Queens,89,oil,N,H,HW,N,N,152,1,1.3,1,1,1.1,1,218
Brick,Brooklyn,38,oil,Y,L,HW,N,Y,105,1,0.9,1,0.9,1.1,1.1,102
Brick,Bronx,91,oil,N,L,S,Y,N,154,1,0.9,1,1,1.2,1.1,183
Brick,Bronx,5,gas,Y,L,HA,N,Y,7,1,0.9,1,0.9,1,1.1,6
Brick,Brooklyn,70,gas,Y,L,HW,Y,Y,37,1,0.9,1,0.9,1.1,1.21,40
Brick,Staten Island,106,oil,Y,H,HW,Y,Y,167,1,1.3,1,0.9,1.1,1.21,260
Brick,Bronx,93,gas,Y,H,HW,Y,N,48,1,1.3,1,0.9,1.1,1.1,68
Brick,Brooklyn,75,gas,Y,L,HA,Y,N,40,1,0.9,1,0.9,1,1.1,35
Brick,Queens,4,oil,N,M,HW,N,Y,74,1,1.1,1,1,1.1,1.1,99
Brick,Queens,87,oil,N,L,HW,Y,Y,150,1,0.9,1,1,1.1,1.21,180
Brick,Bronx,52,oil,N,L,HW,Y,N,118,1,0.9,1,1,1.1,1.1,129
Brick,Brooklyn,93,gas,Y,L,HW,Y,Y,48,1,0.9,1,0.9,1.1,1.21,51
Brick,Brooklyn,56,oil,Y,L,HW,Y,N,121,1,0.9,1,0.9,1.1,1.1,119
Brick,Brooklyn,77,gas,N,L,HA,N,N,41,1,0.9,1,1,1,1,37
Brick,NYC,86,gas,Y,L,HA,Y,Y,45,1,0.9,1,0.9,1,1.21,44
Brick,Brooklyn,85,oil,Y,L,HW,Y,Y,148,1,0.9,1,0.9,1.1,1.21,160
Brick,Bronx,58,oil,N,L,HW,Y,N,123,1,0.9,1,1,1.1,1.1,134
Brick,Staten Island,67,oil,Y,H,S,Y,Y,132,1,1.3,1,0.9,1.2,1.21,224
Brick,NYC,90,gas,Y,L,HA,Y,Y,47,1,0.9,1,0.9,1,1.21,46
Brick,NYC,75,oil,Y,M,HW,Y,N,139,1,1.1,1,0.9,1.1,1.1,167
Brick,NYC,24,oil,Y,L,HA,Y,N,92,1,0.9,1,0.9,1,1.1,82
Brick,Brooklyn,43,gas,Y,L,HW,N,N,25,1,0.9,1,0.9,1.1,1,22
Brick,Brooklyn,83,gas,N,H,HA,Y,N,43,1,1.3,1,1,1,1.1,62
Brick,Brooklyn,38,oil,N,L,HW,Y,N,105,1,0.9,1,1,1.1,1.1,114
Brick,Bronx,99,oil,N,M,HA,Y,N,161,1,1.1,1,1,1,1.1,195
Brick,Brooklyn,79,gas,Y,L,HW,Y,N,42,1,0.9,1,0.9,1.1,1.1,41
Brick,Brooklyn,34,oil,Y,L,HA,N,N,102,1,0.9,1,0.9,1,1,82
Brick,Brooklyn,74,oil,Y,L,S,Y,Y,138,1,0.9,1,0.9,1.2,1.21,162
Brick,Brooklyn,125,gas,N,L,HW,N,Y,62,1,0.9,1,1,1.1,1.1,68
Brick,Brooklyn,124,oil,N,L,S,Y,Y,184,1,0.9,1,1,1.2,1.21,240
Brick,Brooklyn,101,oil,N,L,HW,Y,N,163,1,0.9,1,1,1.1,1.1,177
Brick,Brooklyn,96,gas,Y,L,HA,N,Y,49,1,0.9,1,0.9,1,1.1,44
Brick,Brooklyn,60,oil,Y,M,HW,Y,Y,125,1,1.1,1,0.9,1.1,1.21,165
Brick,Brooklyn,62,oil,N,L,HA,N,Y,127,1,0.9,1,1,1,1.1,126
Brick,NYC,74,gas,Y,M,HA,Y,Y,39,1,1.1,1,0.9,1,1.21,47
Brick,Brooklyn,76,oil,Y,L,HA,Y,Y,140,1,0.9,1,0.9,1,1.21,137
Brick,NYC,74,oil,Y,M,HA,Y,N,139,1,1.1,1,0.9,1,1.1,151
Brick,Bronx,95,gas,Y,L,HW,Y,Y,49,1,0.9,1,0.9,1.1,1.21,52
Brick,Bronx,118,oil,Y,L,HW,Y,N,178,1,0.9,1,0.9,1.1,1.1,175
Brick,Brooklyn,43,oil,Y,H,HA,N,Y,110,1,1.3,1,0.9,1,1.1,142
Brick,Brooklyn,81,oil,N,M,HW,Y,Y,144,1,1.1,1,1,1.1,1.21,211
Brick,NYC,64,oil,N,M,S,Y,N,129,1,1.1,1,1,1.2,1.1,187
Brick,NYC,5,gas,N,M,HA,N,Y,7,1,1.1,1,1,1,1.1,9
Brick,Bronx,52,oil,Y,M,HW,Y,N,118,1,1.1,1,0.9,1.1,1.1,141
Brick,Brooklyn,33,oil,Y,M,S,N,N,100,1,1.1,1,0.9,1.2,1,119
Brick,Staten Island,83,gas,Y,L,HA,Y,N,43,1,0.9,1,0.9,1,1.1,38
Brick,NYC,12,gas,Y,M,HW,N,Y,11,1,1.1,1,0.9,1.1,1.1,13
Brick,Bronx,28,oil,Y,M,HW,Y,N,96,1,1.1,1,0.9,1.1,1.1,115
Brick,Queens,63,gas,N,L,S,Y,N,34,1,0.9,1,1,1.2,1.1,41
Brick,Queens,71,oil,Y,M,HW,Y,Y,135,1,1.1,1,0.9,1.1,1.21,178
Brick,Brooklyn,73,oil,Y,M,HW,Y,N,137,1,1.1,1,0.9,1.1,1.1,164
Brick,Bronx,81,oil,N,H,S,Y,N,145,1,1.3,1,1,1.2,1.1,248
Brick,Brooklyn,90,oil,N,M,HW,Y,N,153,1,1.1,1,1,1.1,1.1,204
Brick,Bronx,4,gas,N,M,S,N,N,7,1,1.1,1,1,1.2,1,9
Brick,Bronx,64,gas,N,M,HA,Y,N,34,1,1.1,1,1,1,1.1,42
Brick,Brooklyn,50,gas,Y,L,S,N,N,28,1,0.9,1,0.9,1.2,1,27
Brick,Queens,98,oil,N,M,S,Y,N,160,1,1.1,1,1,1.2,1.1,232
Brick,Bronx,96,oil,N,L,S,Y,N,158,1,0.9,1,1,1.2,1.1,188
Brick,Staten Island,77,oil,N,M,HW,Y,Y,141,1,1.1,1,1,1.1,1.21,206
Brick,Brooklyn,63,oil,Y,L,HA,Y,N,128,1,0.9,1,0.9,1,1.1,114
Brick,Brooklyn,117,oil,Y,L,HW,Y,N,178,1,0.9,1,0.9,1.1,1.1,174
Brick,Brooklyn,85,gas,Y,M,S,Y,N,44,1,1.1,1,0.9,1.2,1.1,58
Brick,Brooklyn,32,oil,N,L,HA,N,Y,99,1,0.9,1,1,1,1.1,98
Brick,NYC,112,gas,Y,M,HA,N,N,56,1,1.1,1,0.9,1,1,56
Brick,Bronx,110,gas,N,L,HA,N,N,55,1,0.9,1,1,1,1,50
Brick,NYC,28,gas,Y,H,HA,N,N,18,1,1.3,1,0.9,1,1,21
Brick,Brooklyn,33,oil,N,L,S,N,N,100,1,0.9,1,1,1.2,1,108
Brick,Brooklyn,71,oil,Y,L,HW,Y,Y,135,1,0.9,1,0.9,1.1,1.21,146
Brick,Staten Island,83,gas,N,H,HA,Y,N,43,1,1.3,1,1,1,1.1,61
Brick,Bronx,26,gas,N,M,S,Y,N,17,1,1.1,1,1,1.2,1.1,25
Brick,Bronx,112,gas,Y,L,HW,Y,Y,57,1,0.9,1,0.9,1.1,1.21,61
Brick,Brooklyn,101,oil,Y,H,HW,Y,Y,163,1,1.3,1,0.9,1.1,1.21,254
Brick,Queens,72,oil,N,L,HW,N,N,136,1,0.9,1,1,1.1,1,135
Brick,Bronx,48,gas,Y,H,HW,Y,Y,27,1,1.3,1,0.9,1.1,1.21,42
Brick,Brooklyn,103,gas,Y,M,HA,Y,N,52,1,1.1,1,0.9,1,1.1,57
Brick,Brooklyn,46,oil,Y,H,S,N,Y,112,1,1.3,1,0.9,1.2,1.1,173
Brick,Queens,85,oil,N,L,HW,N,Y,148,1,0.9,1,1,1.1,1.1,162
Brick,Staten Island,67,oil,Y,M,HW,Y,N,132,1,1.1,1,0.9,1.1,1.1,158
Brick,NYC,25,gas,Y,L,HW,N,N,17,1,0.9,1,0.9,1.1,1,15
Brick,NYC,17,gas,N,M,HW,Y,N,13,1,1.1,1,1,1.1,1.1,17
Brick,Staten Island,68,gas,N,L,HA,Y,Y,36,1,0.9,1,1,1,1.21,39
Brick,NYC,119,oil,Y,L,HW,N,Y,179,1,0.9,1,0.9,1.1,1.1,176
Brick,Queens,110,oil,N,M,HW,Y,Y,171,1,1.1,1,1,1.1,1.21,250
Brick,Brooklyn,36,gas,Y,L,HA,N,N,22,1,0.9,1,0.9,1,1,18
Brick,Staten Island,23,gas,N,L,HA,Y,N,16,1,0.9,1,1,1,1.1,15
Brick,Brooklyn,70,oil,N,L,HW,Y,Y,135,1,0.9,1,1,1.1,1.21,161
Brick,Staten Island,24,oil,Y,L,HW,N,Y,92,1,0.9,1,0.9,1.1,1.1,90
Brick,Staten Island,25,gas,N,M,HW,N,N,16,1,1.1,1,1,1.1,1,20
Brick,Brooklyn,71,oil,N,M,S,N,N,135,1,1.1,1,1,1.2,1,179
Brick,Staten Island,122,oil,Y,H,S,Y,Y,182,1,1.3,1,0.9,1.2,1.21,309
Brick,Bronx,2,gas,N,L,HA,N,Y,6,1,0.9,1,1,1,1.1,6
Brick,NYC,95,oil,Y,M,HW,Y,Y,157,1,1.1,1,0.9,1.1,1.21,207
Brick,Bronx,34,gas,Y,L,HA,N,N,21,1,0.9,1,0.9,1,1,17
Brick,Brooklyn,67,oil,Y,L,HW,N,Y,131,1,0.9,1,0.9,1.1,1.1,129
Brick,Bronx,103,oil,Y,L,HW,Y,N,164,1,0.9,1,0.9,1.1,1.1,161
Brick,Brooklyn,67,oil,Y,H,HW,Y,Y,131,1,1.3,1,0.9,1.1,1.21,204
Brick,Brooklyn,49,gas,Y,L,S,Y,N,28,1,0.9,1,0.9,1.2,1.1,29
Brick,Brooklyn,75,oil,Y,M,HW,Y,N,139,1,1.1,1,0.9,1.1,1.1,167
Brick,Brooklyn,63,oil,N,M,S,Y,Y,128,1,1.1,1,1,1.2,1.21,205
Brick,Brooklyn,64,oil,Y,M,HW,Y,N,129,1,1.1,1,0.9,1.1,1.1,154
Brick,Bronx,51,oil,Y,L,HW,Y,N,117,1,0.9,1,0.9,1.1,1.1,115
Brick,Brooklyn,53,oil,Y,L,S,Y,N,119,1,0.9,1,0.9,1.2,1.1,127
Brick,Queens,98,oil,N,L,HW,Y,N,160,1,0.9,1,1,1.1,1.1,175
Brick,Brooklyn,88,oil,N,H,HW,Y,N,151,1,1.3,1,1,1.1,1.1,237
Brick,Brooklyn,63,oil,Y,L,S,Y,N,128,1,0.9,1,0.9,1.2,1.1,137
Brick,NYC,27,gas,Y,L,HA,N,N,17,1,0.9,1,0.9,1,1,14
Brick,Brooklyn,61,oil,Y,H,S,Y,Y,127,1,1.3,1,0.9,1.2,1.21,215
Brick,Queens,87,oil,N,H,HA,N,N,150,1,1.3,1,1,1,1,196
Brick,Queens,60,oil,Y,M,HW,Y,N,125,1,1.1,1,0.9,1.1,1.1,150
Brick,Brooklyn,61,oil,Y,M,HW,Y,Y,126,1,1.1,1,0.9,1.1,1.21,166
Brick,Bronx,46,oil,Y,M,HW,Y,N,112,1,1.1,1,0.9,1.1,1.1,134
Brick,Queens,69,oil,N,L,HA,Y,Y,134,1,0.9,1,1,1,1.21,146
Brick,Brooklyn,88,oil,Y,M,HA,Y,N,151,1,1.1,1,0.9,1,1.1,164
Brick,Brooklyn,101,oil,Y,M,HW,Y,Y,163,1,1.1,1,0.9,1.1,1.21,215
Brick,Queens,54,oil,N,L,HA,Y,N,119,1,0.9,1,1,1,1.1,118
Brick,Queens,48,oil,Y,M,HW,Y,N,114,1,1.1,1,0.9,1.1,1.1,136
Brick,NYC,50,oil,Y,L,HA,Y,N,116,1,0.9,1,0.9,1,1.1,103
Brick,Queens,7,oil,Y,L,HW,N,N,76,1,0.9,1,0.9,1.1,1,68
Brick,Staten Island,87,oil,Y,L,HA,Y,Y,150,1,0.9,1,0.9,1,1.21,147
Brick,Brooklyn,20,gas,Y,M,HA,N,Y,14,1,1.1,1,0.9,1,1.1,16
Brick,Brooklyn,30,gas,Y,L,HA,Y,Y,19,1,0.9,1,0.9,1,1.21,18
Brick,Staten Island,75,gas,N,M,S,Y,N,40,1,1.1,1,1,1.2,1.1,58
Brick,Brooklyn,134,oil,Y,M,HW,N,Y,194,1,1.1,1,0.9,1.1,1.1,232
Brick,Brooklyn,82,oil,Y,L,HA,Y,N,145,1,0.9,1,0.9,1,1.1,129
Brick,Brooklyn,50,oil,Y,L,HW,N,N,116,1,0.9,1,0.9,1.1,1,104
Brick,Queens,42,oil,Y,L,S,N,N,108,1,0.9,1,0.9,1.2,1,105
Brick,Bronx,39,oil,Y,M,HW,N,Y,106,1,1.1,1,0.9,1.1,1.1,127
Brick,Brooklyn,90,oil,Y,M,HW,Y,N,153,1,1.1,1,0.9,1.1,1.1,184
Brick,Bronx,42,oil,N,L,HW,Y,N,108,1,0.9,1,1,1.1,1.1,118
Brick,NYC,89,oil,N,L,HA,Y,Y,152,1,0.9,1,1,1,1.21,166
Brick,Brooklyn,51,oil,Y,H,HA,Y,Y,117,1,1.3,1,0.9,1,1.21,165
Brick,Staten Island,70,oil,N,M,S,Y,N,134,1,1.1,1,1,1.2,1.1,195
Brick,Bronx,116,oil,Y,L,HW,Y,N,177,1,0.9,1,0.9,1.1,1.1,174
Brick,Queens,59,gas,N,H,S,Y,Y,32,1,1.3,1,1,1.2,1.21,60
Brick,Brooklyn,77,oil,Y,L,S,N,Y,141,1,0.9,1,0.9,1.2,1.1,151
Brick,Brooklyn,48,oil,Y,M,HW,N,N,114,1,1.1,1,0.9,1.1,1,125
Brick,Bronx,104,oil,N,M,HA,N,Y,166,1,1.1,1,1,1,1.1,201
Brick,Brooklyn,95,gas,Y,L,HW,Y,N,49,1,0.9,1,0.9,1.1,1.1,48
Brick,Brooklyn,50,oil,N,L,S,Y,N,116,1,0.9,1,1,1.2,1.1,138
Brick,NYC,6,oil,Y,M,HA,N,N,76,1,1.1,1,0.9,1,1,75
Brick,Queens,61,gas,Y,L,HA,N,N,33,1,0.9,1,0.9,1,1,27
Brick,Bronx,91,gas,Y,L,HA,Y,Y,47,1,0.9,1,0.9,1,1.21,46
Brick,Bronx,56,oil,N,M,HW,Y,N,122,1,1.1,1,1,1.1,1.1,162
Brick,Queens,116,oil,Y,M,HW,Y,N,177,1,1.1,1,0.9,1.1,1.1,212
Brick,Staten Island,50,gas,N,M,S,N,Y,28,1,1.1,1,1,1.2,1.1,41
Brick,Bronx,82,oil,N,M,S,Y,N,145,1,1.1,1,1,1.2,1.1,211
Brick,Brooklyn,132,oil,Y,H,HW,Y,Y,191,1,1.3,1,0.9,1.1,1.21,298
Brick,NYC,26,gas,N,L,HA,N,N,17,1,0.9,1,1,1,1,15
Brick,NYC,97,oil,Y,H,HW,Y,Y,159,1,1.3,1,0.9,1.1,1.21,248
Brick,Queens,67,oil,N,L,HW,Y,Y,131,1,0.9,1,1,1.1,1.21,157
Brick,Brooklyn,45,oil,Y,M,S,N,N,111,1,1.1,1,0.9,1.2,1,132
Brick,Bronx,75,oil,N,L,HA,Y,N,139,1,0.9,1,1,1,1.1,138
Brick,Queens,27,oil,Y,M,S,N,Y,95,1,1.1,1,0.9,1.2,1.1,124
Brick,Queens,70,oil,N,M,HW,Y,Y,135,1,1.1,1,1,1.1,1.21,197
Brick,Bronx,110,oil,Y,L,S,Y,Y,171,1,0.9,1,0.9,1.2,1.21,201
Brick,Bronx,84,oil,Y,H,HW,Y,N,147,1,1.3,1,0.9,1.1,1.1,209
Brick,Bronx,47,oil,N,H,S,Y,N,113,1,1.3,1,1,1.2,1.1,195
Brick,Queens,63,oil,Y,M,S,N,N,128,1,1.1,1,0.9,1.2,1,152
Brick,Queens,0,gas,N,M,HA,Y,N,5,1,1.1,1,1,1,1.1,6
Brick,Staten Island,58,gas,Y,M,HW,Y,N,32,1,1.1,1,0.9,1.1,1.1,38
Brick,Brooklyn,61,oil,N,L,HW,Y,Y,127,1,0.9,1,1,1.1,1.21,152
Brick,Brooklyn,74,oil,Y,M,HW,N,N,138,1,1.1,1,0.9,1.1,1,150
Brick,Bronx,17,oil,Y,L,S,Y,Y,86,1,0.9,1,0.9,1.2,1.21,101
Brick,Brooklyn,102,oil,Y,L,HA,N,Y,164,1,0.9,1,0.9,1,1.1,146
Brick,Brooklyn,109,oil,N,L,HA,Y,Y,171,1,0.9,1,1,1,1.21,186
Brick,Brooklyn,76,oil,N,L,S,Y,N,140,1,0.9,1,1,1.2,1.1,166
Brick,Brooklyn,86,oil,N,M,HW,Y,N,149,1,1.1,1,1,1.1,1.1,198
Brick,NYC,109,oil,N,M,S,N,Y,170,1,1.1,1,1,1.2,1.1,247
Brick,Brooklyn,76,oil,Y,M,S,Y,N,140,1,1.1,1,0.9,1.2,1.1,182
Brick,Bronx,59,gas,N,M,HW,Y,N,32,1,1.1,1,1,1.1,1.1,43
Brick,Staten Island,56,gas,N,L,S,Y,N,31,1,0.9,1,1,1.2,1.1,36
Brick,Brooklyn,70,oil,Y,L,S,Y,Y,134,1,0.9,1,0.9,1.2,1.21,158
Brick,Brooklyn,83,gas,Y,L,HA,N,N,43,1,0.9,1,0.9,1,1,35
Brick,NYC,115,oil,Y,L,HW,Y,Y,175,1,0.9,1,0.9,1.1,1.21,189
Brick,Brooklyn,70,gas,Y,L,HA,N,N,37,1,0.9,1,0.9,1,1,30
Brick,Queens,71,gas,N,L,HW,N,Y,38,1,0.9,1,1,1.1,1.1,41
Brick,Bronx,89,gas,N,L,HA,N,N,46,1,0.9,1,1,1,1,41
Brick,Queens,100,oil,Y,L,HW,Y,N,162,1,0.9,1,0.9,1.1,1.1,159
Brick,Brooklyn,55,oil,N,L,S,Y,Y,121,1,0.9,1,1,1.2,1.21,158
Brick,Bronx,51,oil,N,M,S,Y,N,117,1,1.1,1,1,1.2,1.1,170
Brick,NYC,55,oil,N,L,HA,Y,N,121,1,0.9,1,1,1,1.1,119
Brick,NYC,55,oil,N,L,S,Y,N,121,1,0.9,1,1,1.2,1.1,143
Brick,Queens,55,oil,N,M,HW,Y,Y,120,1,1.1,1,1,1.1,1.21,176
Brick,Staten Island,28,gas,N,L,HA,N,N,18,1,0.9,1,1,1,1,16
Brick,Brooklyn,76,oil,Y,L,S,Y,N,140,1,0.9,1,0.9,1.2,1.1,150
Brick,Brooklyn,72,oil,Y,M,S,Y,N,136,1,1.1,1,0.9,1.2,1.1,178
Brick,Queens,44,oil,N,L,HA,Y,Y,110,1,0.9,1,1,1,1.21,120
Brick,Queens,49,oil,Y,L,HW,N,N,115,1,0.9,1,0.9,1.1,1,102
Brick,Brooklyn,59,gas,N,L,HA,Y,N,32,1,0.9,1,1,1,1.1,32
Brick,Queens,77,oil,N,L,HW,N,N,141,1,0.9,1,1,1.1,1,139
Brick,Queens,73,gas,N,M,HW,Y,N,39,1,1.1,1,1,1.1,1.1,51
Brick,Queens,60,oil,Y,L,HW,Y,N,125,1,0.9,1,0.9,1.1,1.1,123
Brick,NYC,71,oil,Y,L,S,Y,N,135,1,0.9,1,0.9,1.2,1.1,144
Brick,Brooklyn,12,gas,Y,L,HA,N,N,11,1,0.9,1,0.9,1,1,9
Brick,Bronx,15,gas,Y,H,HA,N,N,12,1,1.3,1,0.9,1,1,14
Brick,NYC,101,oil,Y,L,HW,Y,Y,163,1,0.9,1,0.9,1.1,1.21,176
Brick,NYC,63,gas,Y,M,S,Y,Y,34,1,1.1,1,0.9,1.2,1.21,49
Brick,Brooklyn,121,oil,N,L,HW,Y,N,181,1,0.9,1,1,1.1,1.1,197
Brick,NYC,24,gas,N,L,HA,Y,N,16,1,0.9,1,1,1,1.1,16
Brick,Queens,68,gas,N,L,S,Y,N,36,1,0.9,1,1,1.2,1.1,43
Brick,Queens,113,oil,Y,L,HW,Y,Y,174,1,0.9,1,0.9,1.1,1.21,187
Brick,Brooklyn,55,oil,Y,L,HW,Y,Y,121,1,0.9,1,0.9,1.1,1.21,130
Brick,Bronx,108,oil,Y,L,HW,Y,Y,169,1,0.9,1,0.9,1.1,1.21,182
Brick,Bronx,80,oil,Y,L,HW,Y,N,144,1,0.9,1,0.9,1.1,1.1,141
Brick,Queens,74,oil,N,M,S,Y,Y,138,1,1.1,1,1,1.2,1.21,221
Brick,Queens,48,gas,N,M,HA,Y,N,27,1,1.1,1,1,1,1.1,33
Brick,Brooklyn,122,oil,Y,L,HA,Y,Y,182,1,0.9,1,0.9,1,1.21,179
Brick,Brooklyn,111,oil,Y,H,HW,Y,N,172,1,1.3,1,0.9,1.1,1.1,244
Brick,Brooklyn,100,gas,Y,L,HW,Y,N,51,1,0.9,1,0.9,1.1,1.1,50
Brick,Brooklyn,80,oil,Y,L,S,N,Y,143,1,0.9,1,0.9,1.2,1.1,153
Brick,Brooklyn,51,gas,Y,H,S,Y,N,28,1,1.3,1,0.9,1.2,1.1,44
Brick,Bronx,88,oil,N,H,HW,Y,N,151,1,1.3,1,1,1.1,1.1,238
Brick,Brooklyn,71,oil,Y,L,S,Y,N,136,1,0.9,1,0.9,1.2,1.1,145
Brick,Bronx,29,gas,Y,L,HA,N,N,18,1,0.9,1,0.9,1,1,15
Brick,Brooklyn,86,oil,Y,L,S,Y,N,149,1,0.9,1,0.9,1.2,1.1,159
Brick,Bronx,73,oil,Y,H,HW,Y,N,137,1,1.3,1,0.9,1.1,1.1,195
Brick,NYC,38,gas,Y,H,HA,Y,N,22,1,1.3,1,0.9,1,1.1,29
Brick,Bronx,62,gas,N,M,S,N,N,33,1,1.1,1,1,1.2,1,44
Brick,Staten Island,100,oil,N,M,HW,Y,N,162,1,1.1,1,1,1.1,1.1,216
Brick,NYC,101,oil,N,L,HW,N,Y,163,1,0.9,1,1,1.1,1.1,177
Brick,Queens,44,gas,Y,L,HW,N,N,25,1,0.9,1,0.9,1.1,1,23
Brick,Queens,74,gas,Y,H,HW,Y,N,39,1,1.3,1,0.9,1.1,1.1,55
Brick,Bronx,27,gas,Y,L,HA,N,Y,18,1,0.9,1,0.9,1,1.1,16
Brick,Queens,85,oil,N,L,HW,Y,N,148,1,0.9,1,1,1.1,1.1,161
Brick,Brooklyn,45,oil,Y,H,HW,Y,Y,111,1,1.3,1,0.9,1.1,1.21,173
Brick,Brooklyn,75,gas,Y,H,HA,Y,N,40,1,1.3,1,0.9,1,1.1,51
Brick,Brooklyn,101,oil,N,M,S,Y,Y,163,1,1.1,1,1,1.2,1.21,260
Brick,NYC,102,gas,Y,L,HA,Y,Y,52,1,0.9,1,0.9,1,1.21,51
Brick,Queens,57,gas,Y,M,HW,N,N,31,1,1.1,1,0.9,1.1,1,34
Brick,Brooklyn,88,gas,Y,M,S,Y,N,46,1,1.1,1,0.9,1.2,1.1,59
Brick,Brooklyn,38,oil,N,H,S,N,Y,105,1,1.3,1,1,1.2,1.1,180
Brick,Queens,40,oil,Y,L,HW,Y,N,107,1,0.9,1,0.9,1.1,1.1,105
Brick,Staten Island,30,gas,Y,H,S,Y,Y,19,1,1.3,1,0.9,1.2,1.21,32
Brick,Brooklyn,117,oil,Y,M,S,Y,Y,178,1,1.1,1,0.9,1.2,1.21,256
Brick,Bronx,58,oil,N,L,S,Y,Y,124,1,0.9,1,1,1.2,1.21,162
Brick,Queens,86,gas,N,M,HA,Y,N,45,1,1.1,1,1,1,1.1,54
Brick,Queens,123,oil,Y,H,S,Y,Y,183,1,1.3,1,0.9,1.2,1.21,311
Brick,Queens,70,oil,N,M,HA,Y,Y,134,1,1.1,1,1,1,1.21,178
Brick,Queens,1,gas,Y,L,S,Y,N,5,1,0.9,1,0.9,1.2,1.1,6
Brick,Queens,46,oil,Y,H,HW,N,N,112,1,1.3,1,0.9,1.1,1,144
Brick,Queens,97,gas,N,L,HA,Y,N,49,1,0.9,1,1,1,1.1,49
Brick,Brooklyn,84,oil,N,M,HW,Y,N,147,1,1.1,1,1,1.1,1.1,196
Brick,Queens,74,oil,Y,M,S,Y,N,138,1,1.1,1,0.9,1.2,1.1,180
Brick,NYC,96,oil,Y,M,S,N,Y,158,1,1.1,1,0.9,1.2,1.1,207
Brick,Bronx,65,oil,Y,L,S,Y,Y,130,1,0.9,1,0.9,1.2,1.21,153
Brick,Queens,81,oil,N,L,HW,Y,N,145,1,0.9,1,1,1.1,1.1,157
Brick,Queens,80,gas,Y,L,HW,N,Y,42,1,0.9,1,0.9,1.1,1.1,41
Brick,Queens,87,oil,N,L,HW,N,Y,150,1,0.9,1,1,1.1,1.1,164
Brick,Queens,60,gas,N,H,S,N,N,33,1,1.3,1,1,1.2,1,51
Brick,NYC,108,oil,Y,H,S,Y,Y,169,1,1.3,1,0.9,1.2,1.21,287
Brick,Brooklyn,76,oil,Y,M,HW,N,Y,140,1,1.1,1,0.9,1.1,1.1,168
Brick,Brooklyn,103,oil,Y,H,HW,Y,Y,164,1,1.3,1,0.9,1.1,1.21,256
Brick,Queens,101,oil,N,M,HA,Y,Y,163,1,1.1,1,1,1,1.21,217
Brick,Brooklyn,155,gas,Y,L,S,N,N,76,1,0.9,1,0.9,1.2,1,74
Brick,Bronx,26,gas,N,L,HA,Y,N,17,1,0.9,1,1,1,1.1,17
Brick,Brooklyn,95,oil,N,L,HA,Y,N,157,1,0.9,1,1,1,1.1,156
Brick,Brooklyn,93,oil,Y,L,HW,N,N,156,1,0.9,1,0.9,1.1,1,139
Brick,Bronx,69,gas,Y,M,HA,Y,Y,37,1,1.1,1,0.9,1,1.21,44
Brick,Brooklyn,65,oil,Y,L,S,N,N,130,1,0.9,1,0.9,1.2,1,126
Brick,Staten Island,73,gas,Y,H,HA,Y,N,38,1,1.3,1,0.9,1,1.1,49
Brick,Bronx,58,gas,Y,M,S,Y,N,32,1,1.1,1,0.9,1.2,1.1,41
Brick,Queens,60,oil,Y,L,HW,N,Y,125,1,0.9,1,0.9,1.1,1.1,123
Brick,Brooklyn,102,oil,N,L,HW,Y,N,164,1,0.9,1,1,1.1,1.1,178
Brick,Brooklyn,35,gas,N,L,HA,Y,N,21,1,0.9,1,1,1,1.1,21
Brick,Staten Island,76,oil,Y,L,HW,Y,Y,140,1,0.9,1,0.9,1.1,1.21,151
Brick,Queens,77,oil,N,L,HW,Y,N,141,1,0.9,1,1,1.1,1.1,154
Brick,Staten Island,30,oil,Y,M,HW,N,N,98,1,1.1,1,0.9,1.1,1,107
Brick,Bronx,49,oil,N,L,S,N,N,115,1,0.9,1,1,1.2,1,124
Brick,NYC,54,gas,Y,H,HA,Y,N,30,1,1.3,1,0.9,1,1.1,38
Brick,Brooklyn,76,oil,Y,L,S,Y,N,140,1,0.9,1,0.9,1.2,1.1,150
Brick,Queens,74,gas,Y,L,HA,Y,Y,39,1,0.9,1,0.9,1,1.21,38
Brick,Queens,55,oil,Y,L,HW,Y,Y,121,1,0.9,1,0.9,1.1,1.21,130
Brick,Bronx,102,oil,Y,L,HW,Y,Y,164,1,0.9,1,0.9,1.1,1.21,177
Brick,Brooklyn,59,oil,Y,L,HA,Y,N,125,1,0.9,1,0.9,1,1.1,111
Brick,Queens,72,gas,Y,L,HA,N,Y,38,1,0.9,1,0.9,1,1.1,34
Brick,Staten Island,97,gas,Y,L,HA,Y,N,50,1,0.9,1,0.9,1,1.1,44
Brick,NYC,46,oil,N,L,HA,Y,N,112,1,0.9,1,1,1,1.1,111
Brick,Brooklyn,30,gas,N,L,HA,Y,N,19,1,0.9,1,1,1,1.1,18
Brick,Bronx,23,oil,Y,L,HA,Y,N,91,1,0.9,1,0.9,1,1.1,81
Brick,Brooklyn,21,gas,Y,L,HA,N,Y,15,1,0.9,1,0.9,1,1.1,13
Brick,Queens,92,gas,Y,H,HA,Y,N,47,1,1.3,1,0.9,1,1.1,61
Brick,Brooklyn,23,oil,N,H,S,Y,N,91,1,1.3,1,1,1.2,1.1,156
Brick,Bronx,76,gas,Y,H,HW,N,N,40,1,1.3,1,0.9,1.1,1,51
Brick,Staten Island,95,gas,N,L,HA,Y,N,49,1,0.9,1,1,1,1.1,48
Brick,Brooklyn,46,gas,N,M,HA,N,N,26,1,1.1,1,1,1,1,29
Brick,Brooklyn,83,oil,Y,L,S,Y,N,146,1,0.9,1,0.9,1.2,1.1,156
Brick,Bronx,58,oil,N,L,S,Y,N,123,1,0.9,1,1,1.2,1.1,146
Brick,Bronx,35,oil,Y,L,HW,N,N,102,1,0.9,1,0.9,1.1,1,91
Brick,Brooklyn,93,oil,Y,H,HW,Y,N,156,1,1.3,1,0.9,1.1,1.1,221
Brick,NYC,93,oil,Y,L,S,Y,Y,156,1,0.9,1,0.9,1.2,1.21,183
Brick,Bronx,45,gas,N,L,HA,N,N,26,1,0.9,1,1,1,1,23
Brick,Queens,33,oil,N,L,S,Y,Y,100,1,0.9,1,1,1.2,1.21,131
Brick,NYC,125,oil,Y,L,S,Y,N,185,1,0.9,1,0.9,1.2,1.1,198
Brick,Brooklyn,32,oil,N,L,HW,N,Y,100,1,0.9,1,1,1.1,1.1,109
Brick,Brooklyn,20,oil,Y,L,S,Y,N,89,1,0.9,1,0.9,1.2,1.1,95
Brick,Brooklyn,100,oil,Y,H,S,Y,N,162,1,1.3,1,0.9,1.2,1.1,250
Brick,Brooklyn,39,oil,Y,L,HW,Y,N,105,1,0.9,1,0.9,1.1,1.1,103
Brick,Queens,39,oil,N,H,HW,N,N,106,1,1.3,1,1,1.1,1,151
Brick,Staten Island,33,gas,Y,L,HA,N,N,20,1,0.9,1,0.9,1,1,16
Brick,Bronx,109,gas,N,M,S,Y,Y,55,1,1.1,1,1,1.2,1.21,88
Brick,NYC,74,oil,N,M,HW,Y,N,138,1,1.1,1,1,1.1,1.1,184
Brick,Brooklyn,134,oil,N,L,S,Y,Y,194,1,0.9,1,1,1.2,1.21,253
Brick,Staten Island,104,oil,Y,L,HW,Y,N,165,1,0.9,1,0.9,1.1,1.1,162
Brick,Bronx,107,oil,Y,H,HW,N,Y,168,1,1.3,1,0.9,1.1,1.1,238
Brick,Brooklyn,54,oil,Y,L,HA,Y,N,119,1,0.9,1,0.9,1,1.1,106
Brick,Bronx,101,oil,N,M,HW,Y,Y,163,1,1.1,1,1,1.1,1.21,239
Brick,Brooklyn,75,gas,Y,L,HW,Y,Y,40,1,0.9,1,0.9,1.1,1.21,43
Brick,Brooklyn,69,oil,Y,M,HW,Y,Y,134,1,1.1,1,0.9,1.1,1.21,176
Brick,Brooklyn,81,gas,N,L,HA,N,N,42,1,0.9,1,1,1,1,38
Brick,Queens,43,gas,N,M,HA,N,N,25,1,1.1,1,1,1,1,27
Brick,Brooklyn,22,gas,N,L,HW,Y,Y,15,1,0.9,1,1,1.1,1.21,18
Brick,NYC,73,oil,Y,L,HA,Y,N,137,1,0.9,1,0.9,1,1.1,122
Brick,Brooklyn,52,oil,Y,L,S,Y,Y,118,1,0.9,1,0.9,1.2,1.21,138
Brick,Brooklyn,99,gas,Y,L,HW,Y,Y,51,1,0.9,1,0.9,1.1,1.21,55
Brick,Brooklyn,81,oil,Y,L,HW,Y,Y,144,1,0.9,1,0.9,1.1,1.21,156
Brick,Bronx,22,gas,N,H,S,Y,Y,15,1,1.3,1,1,1.2,1.21,28
Brick,Brooklyn,29,gas,Y,L,S,Y,Y,18,1,0.9,1,0.9,1.2,1.21,22
Brick,Brooklyn,34,gas,N,H,HW,Y,N,21,1,1.3,1,1,1.1,1.1,33
Brick,Queens,16,gas,Y,M,HA,Y,Y,12,1,1.1,1,0.9,1,1.21,15
Brick,Brooklyn,24,oil,N,H,HW,N,N,93,1,1.3,1,1,1.1,1,132
Brick,Brooklyn,62,gas,N,L,HA,N,N,34,1,0.9,1,1,1,1,30
Brick,NYC,66,oil,Y,L,HW,N,N,130,1,0.9,1,0.9,1.1,1,116
Brick,Brooklyn,88,oil,Y,L,HW,N,N,151,1,0.9,1,0.9,1.1,1,135
Brick,Queens,106,gas,N,L,HW,N,Y,54,1,0.9,1,1,1.1,1.1,59
Brick,Bronx,92,oil,Y,L,HW,N,N,155,1,0.9,1,0.9,1.1,1,138
Brick,Brooklyn,70,oil,Y,M,HW,Y,N,134,1,1.1,1,0.9,1.1,1.1,161
Brick,Staten Island,81,oil,Y,L,HW,N,N,145,1,0.9,1,0.9,1.1,1,129
Brick,Brooklyn,144,oil,N,L,HW,Y,Y,202,1,0.9,1,1,1.1,1.21,243
Brick,Brooklyn,1,gas,Y,L,HW,Y,N,6,1,0.9,1,0.9,1.1,1.1,5
Brick,Bronx,97,oil,Y,L,HA,Y,N,159,1,0.9,1,0.9,1,1.1,142
Brick,Bronx,19,gas,N,L,HA,Y,N,14,1,0.9,1,1,1,1.1,14
Brick,NYC,71,oil,N,H,HA,N,N,135,1,1.3,1,1,1,1,175
Brick,Brooklyn,85,gas,Y,L,HW,Y,N,44,1,0.9,1,0.9,1.1,1.1,43
Brick,Bronx,79,oil,Y,L,S,Y,Y,143,1,0.9,1,0.9,1.2,1.21,168
Brick,NYC,141,oil,N,M,HA,Y,Y,200,1,1.1,1,1,1,1.21,266
Brick,Brooklyn,66,oil,N,L,S,N,N,131,1,0.9,1,1,1.2,1,141
Brick,Brooklyn,94,oil,Y,L,HW,Y,Y,157,1,0.9,1,0.9,1.1,1.21,169
Brick,Queens,68,gas,N,M,HW,Y,N,36,1,1.1,1,1,1.1,1.1,48
Brick,Brooklyn,28,gas,N,M,HA,N,N,18,1,1.1,1,1,1,1,20
Brick,Queens,69,oil,Y,L,HW,Y,N,134,1,0.9,1,0.9,1.1,1.1,131
Brick,NYC,76,oil,N,M,HW,Y,N,140,1,1.1,1,1,1.1,1.1,186
Brick,Queens,33,oil,Y,M,S,N,N,101,1,1.1,1,0.9,1.2,1,120
Brick,Brooklyn,94,oil,Y,L,S,Y,N,156,1,0.9,1,0.9,1.2,1.1,167
Brick,Brooklyn,72,oil,N,M,HA,N,N,136,1,1.1,1,1,1,1,150
Brick,Brooklyn,41,gas,Y,H,HW,N,Y,24,1,1.3,1,0.9,1.1,1.1,34
Brick,Brooklyn,89,gas,Y,L,HA,Y,N,46,1,0.9,1,0.9,1,1.1,41
Brick,Queens,45,gas,Y,M,HA,N,Y,26,1,1.1,1,0.9,1,1.1,28
Brick,Queens,97,oil,Y,H,HW,Y,Y,159,1,1.3,1,0.9,1.1,1.21,248
Brick,NYC,31,oil,Y,H,S,N,N,99,1,1.3,1,0.9,1.2,1,139
Brick,NYC,97,oil,Y,L,S,Y,N,159,1,0.9,1,0.9,1.2,1.1,170
Brick,Brooklyn,56,oil,N,M,HW,Y,N,121,1,1.1,1,1,1.1,1.1,161
Brick,Queens,58,oil,Y,L,S,Y,N,123,1,0.9,1,0.9,1.2,1.1,132
Brick,Brooklyn,66,gas,Y,L,HA,Y,Y,35,1,0.9,1,0.9,1,1.21,34
Brick,Queens,53,gas,N,L,HA,Y,Y,29,1,0.9,1,1,1,1.21,32
Brick,Staten Island,33,gas,N,L,HA,Y,Y,20,1,0.9,1,1,1,1.21,22
Brick,Staten Island,49,oil,Y,M,HW,Y,N,115,1,1.1,1,0.9,1.1,1.1,138
Brick,NYC,104,oil,Y,L,HW,N,N,166,1,0.9,1,0.9,1.1,1,148
Brick,NYC,56,gas,Y,H,HW,N,Y,31,1,1.3,1,0.9,1.1,1.1,43
Brick,NYC,19,gas,N,M,HA,Y,N,14,1,1.1,1,1,1,1.1,16
Brick,Brooklyn,79,oil,N,H,HA,Y,Y,142,1,1.3,1,1,1,1.21,224
Brick,Brooklyn,111,gas,Y,L,S,Y,Y,56,1,0.9,1,0.9,1.2,1.21,66
Brick,Queens,79,oil,Y,L,HW,Y,N,143,1,0.9,1,0.9,1.1,1.1,140
Brick,Bronx,102,gas,Y,L,HA,Y,N,52,1,0.9,1,0.9,1,1.1,46
Brick,Brooklyn,98,gas,Y,L,HA,Y,N,50,1,0.9,1,0.9,1,1.1,45
Brick,NYC,83,oil,Y,L,HA,N,N,146,1,0.9,1,0.9,1,1,119
Brick,Brooklyn,58,gas,Y,M,HA,Y,N,32,1,1.1,1,0.9,1,1.1,34
Brick,Queens,85,oil,Y,L,HW,Y,N,149,1,0.9,1,0.9,1.1,1.1,146
Brick,Queens,41,gas,N,M,HA,Y,N,24,1,1.1,1,1,1,1.1,29
Brick,Queens,52,oil,N,L,S,Y,N,117,1,0.9,1,1,1.2,1.1,139
Brick,Brooklyn,85,oil,Y,L,S,N,Y,148,1,0.9,1,0.9,1.2,1.1,159
Brick,Bronx,74,gas,Y,H,HW,Y,Y,39,1,1.3,1,0.9,1.1,1.21,60
Brick,Brooklyn,59,oil,Y,M,S,Y,Y,124,1,1.1,1,0.9,1.2,1.21,178
Brick,Bronx,36,oil,N,L,HW,N,N,103,1,0.9,1,1,1.1,1,102
Brick,Brooklyn,54,oil,Y,M,HW,Y,Y,120,1,1.1,1,0.9,1.1,1.21,158
Brick,NYC,70,oil,Y,M,S,N,Y,134,1,1.1,1,0.9,1.2,1.1,175
Brick,Brooklyn,88,oil,Y,L,HW,Y,N,151,1,0.9,1,0.9,1.1,1.1,148
Concrete,NYC,27,oil,N,M,S,Y,Y,95,1,1,0.9,1,1.2,1.21,124
Concrete,Bronx,22,gas,N,L,S,N,N,15,1,1,1.1,1,1.2,1,20
Concrete,Staten Island,15,gas,N,L,S,N,Y,12,1,1,1.1,1,1.2,1.1,17
Concrete,NYC,25,oil,Y,H,S,N,N,93,1,1,0.8,0.9,1.2,1,81
Concrete,Brooklyn,36,oil,N,M,HW,N,N,103,1,1,0.9,1,1.1,1,102
Concrete,Queens,29,gas,Y,L,S,N,N,18,1,1,1.1,0.9,1.2,1,22
Concrete,Brooklyn,24,oil,Y,L,HW,N,Y,92,1,1,1.1,0.9,1.1,1.1,110
Concrete,Brooklyn,40,gas,Y,L,HA,Y,N,23,1,1,1.1,0.9,1,1.1,26
Concrete,Staten Island,37,oil,Y,L,HW,N,N,104,1,1,1.1,0.9,1.1,1,113
Concrete,NYC,43,gas,N,L,HA,Y,Y,25,1,1,1.1,1,1,1.21,33
Concrete,Brooklyn,32,oil,N,L,HA,N,N,100,1,1,1.1,1,1,1,109
Concrete,NYC,24,gas,N,L,HA,Y,N,16,1,1,1.1,1,1,1.1,19
Concrete,Brooklyn,19,gas,Y,L,HA,N,N,14,1,1,1.1,0.9,1,1,14
Concrete,Brooklyn,34,gas,N,M,HA,Y,Y,21,1,1,0.9,1,1,1.21,22
Concrete,Brooklyn,36,oil,Y,L,HW,Y,N,103,1,1,1.1,0.9,1.1,1.1,124
Concrete,NYC,49,oil,Y,L,HW,N,N,115,1,1,1.1,0.9,1.1,1,125
Concrete,Queens,29,oil,N,L,HW,N,Y,97,1,1,1.1,1,1.1,1.1,128
Concrete,Bronx,33,oil,N,L,S,Y,Y,101,1,1,1.1,1,1.2,1.21,161
Concrete,Staten Island,24,gas,N,M,HA,Y,N,16,1,1,0.9,1,1,1.1,16
Concrete,Queens,28,gas,N,H,HW,N,Y,18,1,1,0.8,1,1.1,1.1,17
Concrete,NYC,23,gas,Y,H,HW,Y,N,16,1,1,0.8,0.9,1.1,1.1,14
Concrete,Bronx,1,gas,Y,L,HA,Y,N,5,1,1,1.1,0.9,1,1.1,6
Concrete,Brooklyn,27,gas,Y,L,HA,Y,N,17,1,1,1.1,0.9,1,1.1,19
Concrete,Brooklyn,31,oil,Y,M,S,Y,Y,99,1,1,0.9,0.9,1.2,1.21,116
Concrete,Bronx,47,oil,N,H,HW,N,N,114,1,1,0.8,1,1.1,1,100
Concrete,NYC,23,gas,N,L,S,Y,Y,15,1,1,1.1,1,1.2,1.21,25
Concrete,Staten Island,24,gas,Y,L,HA,Y,Y,16,1,1,1.1,0.9,1,1.21,19
Concrete,NYC,32,gas,Y,L,HA,N,Y,20,1,1,1.1,0.9,1,1.1,21
Concrete,NYC,19,oil,Y,M,HW,N,N,88,1,1,0.9,0.9,1.1,1,78
Concrete,Brooklyn,33,oil,N,L,HA,Y,Y,101,1,1,1.1,1,1,1.21,134
Concrete,NYC,37,oil,Y,H,HW,N,N,104,1,1,0.8,0.9,1.1,1,83
Concrete,Brooklyn,20,gas,Y,H,HW,N,N,14,1,1,0.8,0.9,1.1,1,11
Concrete,NYC,30,oil,Y,L,HA,N,N,97,1,1,1.1,0.9,1,1,96
Concrete,Staten Island,38,oil,N,L,HA,N,N,105,1,1,1.1,1,1,1,116
Concrete,Brooklyn,38,oil,Y,L,S,N,N,105,1,1,1.1,0.9,1.2,1,124
Concrete,Brooklyn,13,gas,N,L,HA,N,N,11,1,1,1.1,1,1,1,12
Concrete,NYC,32,gas,Y,L,HA,N,N,20,1,1,1.1,0.9,1,1,20
Concrete,NYC,28,gas,N,L,S,N,N,18,1,1,1.1,1,1.2,1,24
Concrete,NYC,16,oil,Y,L,HW,N,N,84,1,1,1.1,0.9,1.1,1,92
Concrete,NYC,35,gas,N,M,HA,N,N,21,1,1,0.9,1,1,1,19
Concrete,Queens,45,oil,N,L,HW,Y,Y,111,1,1,1.1,1,1.1,1.21,163
Concrete,Brooklyn,25,gas,Y,M,HA,N,N,16,1,1,0.9,0.9,1,1,13
Concrete,NYC,34,oil,Y,H,HW,N,Y,101,1,1,0.8,0.9,1.1,1.1,88
Concrete,Brooklyn,37,oil,Y,L,HW,Y,N,104,1,1,1.1,0.9,1.1,1.1,125
Concrete,NYC,25,gas,Y,L,HA,N,N,17,1,1,1.1,0.9,1,1,16
Concrete,NYC,27,oil,Y,L,HW,N,N,95,1,1,1.1,0.9,1.1,1,104
Concrete,Brooklyn,34,gas,Y,H,HW,N,Y,21,1,1,0.8,0.9,1.1,1.1,18
Concrete,NYC,25,gas,N,M,HA,Y,Y,16,1,1,0.9,1,1,1.21,18
Concrete,Brooklyn,26,gas,N,M,S,N,N,17,1,1,0.9,1,1.2,1,18
Concrete,Staten Island,30,oil,N,L,HW,N,Y,97,1,1,1.1,1,1.1,1.1,129
Concrete,NYC,25,oil,Y,L,S,N,N,93,1,1,1.1,0.9,1.2,1,111
Concrete,NYC,39,gas,Y,L,HA,Y,Y,23,1,1,1.1,0.9,1,1.21,27
Concrete,Bronx,45,oil,Y,L,HW,Y,N,112,1,1,1.1,0.9,1.1,1.1,134
Concrete,NYC,44,gas,Y,L,HA,N,Y,25,1,1,1.1,0.9,1,1.1,27
Concrete,Bronx,37,oil,Y,L,HW,Y,N,104,1,1,1.1,0.9,1.1,1.1,124
Concrete,Queens,32,gas,Y,H,S,N,N,20,1,1,0.8,0.9,1.2,1,17
Concrete,Bronx,40,oil,N,L,HA,N,N,107,1,1,1.1,1,1,1,118
Concrete,NYC,14,gas,N,L,S,N,N,11,1,1,1.1,1,1.2,1,15
Concrete,Queens,10,oil,Y,M,S,Y,Y,79,1,1,0.9,0.9,1.2,1.21,93
Concrete,Brooklyn,14,gas,Y,L,S,N,Y,11,1,1,1.1,0.9,1.2,1.1,15
Concrete,NYC,20,oil,Y,L,HW,N,Y,89,1,1,1.1,0.9,1.1,1.1,106
Concrete,Staten Island,28,gas,Y,L,HW,N,N,18,1,1,1.1,0.9,1.1,1,19
Concrete,Bronx,43,oil,Y,L,HA,Y,N,110,1,1,1.1,0.9,1,1.1,119
Concrete,Brooklyn,32,oil,Y,M,HW,Y,N,99,1,1,0.9,0.9,1.1,1.1,97
Concrete,Queens,26,oil,N,L,HA,N,Y,94,1,1,1.1,1,1,1.1,114
Concrete,NYC,42,oil,Y,M,HW,Y,N,108,1,1,0.9,0.9,1.1,1.1,106
Concrete,NYC,40,oil,N,L,S,Y,N,107,1,1,1.1,1,1.2,1.1,155
Concrete,Queens,34,oil,N,L,HW,Y,N,101,1,1,1.1,1,1.1,1.1,135
Concrete,Brooklyn,34,oil,N,M,HW,N,N,101,1,1,0.9,1,1.1,1,100
Concrete,Brooklyn,26,gas,Y,M,S,N,Y,17,1,1,0.9,0.9,1.2,1.1,18
Concrete,NYC,30,oil,Y,M,S,Y,N,98,1,1,0.9,0.9,1.2,1.1,105
Concrete,NYC,26,gas,Y,L,S,Y,Y,17,1,1,1.1,0.9,1.2,1.21,24
Concrete,NYC,15,oil,Y,L,S,N,N,83,1,1,1.1,0.9,1.2,1,99
Concrete,Bronx,21,gas,N,L,HA,Y,N,15,1,1,1.1,1,1,1.1,18
Concrete,Queens,32,oil,N,M,HA,N,Y,100,1,1,0.9,1,1,1.1,99
Concrete,NYC,22,gas,Y,L,S,Y,N,15,1,1,1.1,0.9,1.2,1.1,20
Concrete,NYC,37,oil,N,L,S,N,N,104,1,1,1.1,1,1.2,1,137
Concrete,Queens,42,oil,N,L,HW,N,N,108,1,1,1.1,1,1.1,1,131
Concrete,Brooklyn,40,oil,N,L,S,N,N,107,1,1,1.1,1,1.2,1,141
Concrete,NYC,21,gas,Y,L,HW,N,Y,15,1,1,1.1,0.9,1.1,1.1,18
Concrete,Queens,32,oil,Y,M,S,N,N,99,1,1,0.9,0.9,1.2,1,97
Concrete,Queens,39,oil,Y,L,HW,N,N,106,1,1,1.1,0.9,1.1,1,115
Concrete,Queens,31,gas,N,M,HA,N,N,19,1,1,0.9,1,1,1,17
Concrete,Queens,14,gas,N,L,S,Y,N,11,1,1,1.1,1,1.2,1.1,17
Concrete,Staten Island,29,gas,N,M,S,Y,Y,18,1,1,0.9,1,1.2,1.21,24
Concrete,NYC,21,gas,Y,L,HA,N,Y,15,1,1,1.1,0.9,1,1.1,16
Concrete,Queens,16,gas,Y,M,HA,Y,N,12,1,1,0.9,0.9,1,1.1,11
Concrete,NYC,25,gas,N,M,S,N,N,17,1,1,0.9,1,1.2,1,18
Concrete,NYC,27,gas,N,M,HW,N,Y,18,1,1,0.9,1,1.1,1.1,19
Concrete,Bronx,34,oil,N,M,HW,Y,Y,101,1,1,0.9,1,1.1,1.21,121
Concrete,NYC,23,gas,Y,L,S,Y,Y,15,1,1,1.1,0.9,1.2,1.21,22
Concrete,Queens,20,oil,N,M,HW,Y,N,89,1,1,0.9,1,1.1,1.1,97
Concrete,NYC,24,gas,Y,M,HA,N,N,16,1,1,0.9,0.9,1,1,13
Concrete,Bronx,16,gas,N,L,HA,Y,N,13,1,1,1.1,1,1,1.1,15
Concrete,NYC,13,gas,N,L,S,Y,N,11,1,1,1.1,1,1.2,1.1,16
Concrete,NYC,42,gas,N,M,HW,Y,Y,24,1,1,0.9,1,1.1,1.21,29
Concrete,Queens,5,oil,Y,L,HW,N,Y,75,1,1,1.1,0.9,1.1,1.1,90
Concrete,Brooklyn,21,oil,Y,L,HW,N,N,89,1,1,1.1,0.9,1.1,1,97
Concrete,NYC,34,oil,Y,H,S,Y,N,101,1,1,0.8,0.9,1.2,1.1,96
Concrete,Queens,36,oil,Y,L,S,N,Y,103,1,1,1.1,0.9,1.2,1.1,134
Concrete,Bronx,16,gas,Y,M,HA,N,N,12,1,1,0.9,0.9,1,1,10
Concrete,Queens,32,oil,N,L,HA,N,N,100,1,1,1.1,1,1,1,110
Concrete,NYC,32,gas,Y,H,HA,N,N,20,1,1,0.8,0.9,1,1,14
Concrete,Brooklyn,39,gas,N,L,HA,Y,Y,23,1,1,1.1,1,1,1.21,31
Concrete,NYC,41,gas,Y,L,HW,N,Y,24,1,1,1.1,0.9,1.1,1.1,29
Concrete,NYC,36,oil,N,M,HW,N,Y,103,1,1,0.9,1,1.1,1.1,113
Concrete,Queens,10,oil,Y,H,S,N,N,79,1,1,0.8,0.9,1.2,1,68
Concrete,Queens,22,gas,N,L,HA,N,Y,15,1,1,1.1,1,1,1.1,18
Concrete,Queens,25,oil,Y,M,HW,N,N,93,1,1,0.9,0.9,1.1,1,83
Concrete,Staten Island,37,oil,Y,M,HW,N,Y,104,1,1,0.9,0.9,1.1,1.1,102
Concrete,Bronx,26,gas,N,L,HA,Y,N,17,1,1,1.1,1,1,1.1,20
Concrete,Brooklyn,33,oil,Y,M,HA,N,Y,100,1,1,0.9,0.9,1,1.1,89
Concrete,Queens,23,gas,Y,L,HA,Y,Y,15,1,1,1.1,0.9,1,1.21,18
Concrete,NYC,23,oil,N,L,HW,N,Y,91,1,1,1.1,1,1.1,1.1,121
Concrete,NYC,9,gas,N,M,S,N,N,9,1,1,0.9,1,1.2,1,10
Concrete,NYC,15,gas,Y,L,HW,N,Y,12,1,1,1.1,0.9,1.1,1.1,14
Concrete,Brooklyn,27,gas,Y,M,HW,N,Y,17,1,1,0.9,0.9,1.1,1.1,17
Concrete,NYC,21,oil,Y,L,HW,Y,Y,90,1,1,1.1,0.9,1.1,1.21,118
Concrete,Brooklyn,28,gas,Y,L,HA,Y,N,18,1,1,1.1,0.9,1,1.1,20
Concrete,Queens,35,oil,Y,L,HW,N,N,102,1,1,1.1,0.9,1.1,1,111
Concrete,Queens,28,gas,Y,M,S,N,N,18,1,1,0.9,0.9,1.2,1,17
Concrete,Brooklyn,51,oil,Y,L,S,Y,N,117,1,1,1.1,0.9,1.2,1.1,153
Concrete,Staten Island,22,oil,Y,L,HW,N,N,90,1,1,1.1,0.9,1.1,1,98
Concrete,NYC,36,gas,Y,M,HA,N,Y,22,1,1,0.9,0.9,1,1.1,19
Concrete,Queens,32,oil,N,L,HA,N,N,100,1,1,1.1,1,1,1,110
Concrete,NYC,27,gas,Y,L,HA,N,N,17,1,1,1.1,0.9,1,1,17
Concrete,Bronx,24,gas,N,M,HW,Y,N,16,1,1,0.9,1,1.1,1.1,17
Concrete,Brooklyn,26,gas,N,L,HA,N,N,17,1,1,1.1,1,1,1,18
Concrete,Queens,23,gas,N,L,HA,Y,Y,16,1,1,1.1,1,1,1.21,21
Concrete,NYC,51,oil,Y,H,S,Y,Y,117,1,1,0.8,0.9,1.2,1.21,122
Concrete,Queens,37,oil,N,M,S,Y,N,104,1,1,0.9,1,1.2,1.1,123
Concrete,Queens,28,oil,N,L,S,N,Y,96,1,1,1.1,1,1.2,1.1,140
Concrete,NYC,31,gas,N,H,HA,Y,Y,19,1,1,0.8,1,1,1.21,19
Concrete,Queens,36,oil,Y,M,HW,Y,Y,103,1,1,0.9,0.9,1.1,1.21,111
Concrete,Queens,32,oil,Y,M,HW,N,N,100,1,1,0.9,0.9,1.1,1,89
Concrete,NYC,44,oil,Y,M,HA,N,Y,111,1,1,0.9,0.9,1,1.1,99
Concrete,Staten Island,30,gas,N,L,S,N,N,19,1,1,1.1,1,1.2,1,25
Concrete,Brooklyn,27,gas,Y,L,HA,N,Y,17,1,1,1.1,0.9,1,1.1,19
Concrete,NYC,29,gas,Y,M,HA,Y,N,19,1,1,0.9,0.9,1,1.1,17
Concrete,NYC,29,oil,Y,L,HW,N,Y,97,1,1,1.1,0.9,1.1,1.1,116
Concrete,NYC,34,oil,Y,H,S,N,N,101,1,1,0.8,0.9,1.2,1,87
Concrete,Brooklyn,37,oil,Y,H,HA,N,N,104,1,1,0.8,0.9,1,1,75
Concrete,Brooklyn,25,gas,Y,L,HA,Y,Y,16,1,1,1.1,0.9,1,1.21,20
Concrete,NYC,28,gas,Y,H,HW,N,N,18,1,1,0.8,0.9,1.1,1,14
Concrete,Queens,14,gas,Y,M,S,Y,Y,11,1,1,0.9,0.9,1.2,1.21,13
Concrete,Brooklyn,44,gas,Y,L,HW,N,N,25,1,1,1.1,0.9,1.1,1,27
Concrete,Brooklyn,16,oil,Y,L,S,Y,N,85,1,1,1.1,0.9,1.2,1.1,111
Concrete,Bronx,43,oil,Y,L,S,N,N,110,1,1,1.1,0.9,1.2,1,131
Concrete,NYC,29,oil,Y,L,S,N,N,97,1,1,1.1,0.9,1.2,1,115
Concrete,NYC,29,gas,Y,H,HA,N,N,18,1,1,0.8,0.9,1,1,13
Concrete,Brooklyn,24,gas,N,M,HA,Y,N,16,1,1,0.9,1,1,1.1,16
Concrete,NYC,38,gas,Y,L,HA,N,N,22,1,1,1.1,0.9,1,1,22
Concrete,NYC,19,gas,Y,M,HA,N,N,14,1,1,0.9,0.9,1,1,11
Concrete,NYC,39,oil,Y,M,S,N,N,105,1,1,0.9,0.9,1.2,1,103
Concrete,Queens,32,oil,N,L,HW,N,N,99,1,1,1.1,1,1.1,1,120
Concrete,Brooklyn,39,oil,N,L,S,Y,N,106,1,1,1.1,1,1.2,1.1,154
Concrete,NYC,20,oil,Y,L,HW,N,Y,89,1,1,1.1,0.9,1.1,1.1,106
Concrete,Staten Island,49,gas,N,H,HA,N,Y,27,1,1,0.8,1,1,1.1,24
Concrete,Queens,36,gas,N,L,HA,Y,N,21,1,1,1.1,1,1,1.1,26
Concrete,NYC,29,gas,N,M,HA,N,N,18,1,1,0.9,1,1,1,17
Concrete,NYC,42,oil,N,M,S,Y,N,109,1,1,0.9,1,1.2,1.1,130
Concrete,NYC,41,oil,Y,M,HW,N,N,108,1,1,0.9,0.9,1.1,1,96
Concrete,Brooklyn,21,gas,N,M,HA,N,Y,15,1,1,0.9,1,1,1.1,15
Concrete,NYC,27,oil,N,L,S,Y,N,94,1,1,1.1,1,1.2,1.1,137
Concrete,NYC,38,oil,Y,L,S,Y,Y,105,1,1,1.1,0.9,1.2,1.21,151
Concrete,Brooklyn,15,gas,Y,L,HA,N,Y,12,1,1,1.1,0.9,1,1.1,13
Concrete,Staten Island,46,oil,Y,L,S,N,N,112,1,1,1.1,0.9,1.2,1,133
Concrete,Brooklyn,30,oil,Y,M,S,N,N,97,1,1,0.9,0.9,1.2,1,95
Concrete,Brooklyn,35,oil,N,M,HW,Y,N,102,1,1,0.9,1,1.1,1.1,111
Concrete,NYC,32,gas,Y,H,HW,N,N,20,1,1,0.8,0.9,1.1,1,16
Concrete,Brooklyn,21,oil,Y,M,HA,Y,N,89,1,1,0.9,0.9,1,1.1,80
Concrete,NYC,10,gas,N,M,HA,Y,N,10,1,1,0.9,1,1,1.1,10
Concrete,NYC,18,gas,Y,L,HA,N,N,13,1,1,1.1,0.9,1,1,13
Concrete,NYC,23,gas,Y,L,S,Y,N,16,1,1,1.1,0.9,1.2,1.1,20
Concrete,NYC,25,gas,Y,L,HA,N,N,16,1,1,1.1,0.9,1,1,16
Concrete,Bronx,21,oil,Y,L,HW,Y,Y,89,1,1,1.1,0.9,1.1,1.21,117
Concrete,Queens,44,oil,N,M,HW,Y,N,111,1,1,0.9,1,1.1,1.1,120
Concrete,NYC,28,gas,Y,L,HW,N,Y,18,1,1,1.1,0.9,1.1,1.1,21
Concrete,NYC,40,oil,Y,L,HA,N,N,107,1,1,1.1,0.9,1,1,106
Concrete,Bronx,41,oil,Y,L,HW,N,N,108,1,1,1.1,0.9,1.1,1,117
Concrete,Brooklyn,28,gas,N,L,HA,N,N,18,1,1,1.1,1,1,1,20
Concrete,Staten Island,38,oil,N,L,HW,Y,Y,105,1,1,1.1,1,1.1,1.21,154
Concrete,Queens,32,oil,Y,L,HW,N,N,100,1,1,1.1,0.9,1.1,1,108
Concrete,Brooklyn,23,oil,N,M,HW,N,Y,91,1,1,0.9,1,1.1,1.1,99
Concrete,Queens,32,oil,Y,L,HA,N,N,100,1,1,1.1,0.9,1,1,99
Concrete,NYC,41,oil,N,M,HW,N,Y,108,1,1,0.9,1,1.1,1.1,117
Concrete,Brooklyn,37,oil,Y,M,HW,N,Y,104,1,1,0.9,0.9,1.1,1.1,102
Concrete,NYC,28,gas,Y,L,HA,N,N,18,1,1,1.1,0.9,1,1,18
Concrete,Queens,48,oil,Y,L,S,N,N,114,1,1,1.1,0.9,1.2,1,136
Concrete,Brooklyn,15,oil,Y,L,HA,N,N,84,1,1,1.1,0.9,1,1,83
Concrete,NYC,24,gas,Y,H,HA,N,N,16,1,1,0.8,0.9,1,1,12
Concrete,Bronx,33,oil,Y,L,HW,N,N,101,1,1,1.1,0.9,1.1,1,110
Concrete,NYC,20,gas,Y,L,S,N,N,14,1,1,1.1,0.9,1.2,1,17
Concrete,Bronx,31,oil,N,L,S,N,Y,98,1,1,1.1,1,1.2,1.1,143
Concrete,Brooklyn,20,gas,Y,L,HW,N,N,14,1,1,1.1,0.9,1.1,1,16
Concrete,Bronx,34,oil,N,M,S,N,N,102,1,1,0.9,1,1.2,1,110
Concrete,NYC,32,oil,Y,L,S,Y,N,99,1,1,1.1,0.9,1.2,1.1,130
Concrete,NYC,35,oil,N,L,HW,Y,N,102,1,1,1.1,1,1.1,1.1,136
Concrete,Staten Island,36,gas,Y,H,HA,N,Y,22,1,1,0.8,0.9,1,1.1,17
Concrete,NYC,28,gas,N,H,S,N,N,18,1,1,0.8,1,1.2,1,17